-- phpMyAdmin SQL Dump
-- version 5.2.1
-- https://www.phpmyadmin.net/
--
-- Host: 127.0.0.1
-- Generation Time: Lis 08, 2024 at 07:11 PM
-- Wersja serwera: 10.4.32-MariaDB
-- Wersja PHP: 8.2.12

SET SQL_MODE = "NO_AUTO_VALUE_ON_ZERO";
START TRANSACTION;
SET time_zone = "+00:00";


/*!40101 SET @OLD_CHARACTER_SET_CLIENT=@@CHARACTER_SET_CLIENT */;
/*!40101 SET @OLD_CHARACTER_SET_RESULTS=@@CHARACTER_SET_RESULTS */;
/*!40101 SET @OLD_COLLATION_CONNECTION=@@COLLATION_CONNECTION */;
/*!40101 SET NAMES utf8mb4 */;

--
-- Database: `mapa_kulinarna`
--

-- --------------------------------------------------------

--
-- Struktura tabeli dla tabeli `dania`
--

CREATE TABLE `dania` (
  `id` int(11) NOT NULL,
  `nazwa_dania` varchar(255) NOT NULL,
  `opis` text NOT NULL,
  `wegetarianskie` tinyint(1) NOT NULL,
  `kuchnia` varchar(50) NOT NULL
) ENGINE=InnoDB DEFAULT CHARSET=utf8mb4 COLLATE=utf8mb4_general_ci;

--
-- Dumping data for table `dania`
--

INSERT INTO `dania` (`id`, `nazwa_dania`, `opis`, `wegetarianskie`, `kuchnia`) VALUES
(1, 'Makowiec', 'Tradycyjne polskie ciasto drożdżowe nadziewane masą makową, często z miodem, bakaliami i przyprawami. Jest to jeden z najważniejszych deserów świątecznych, zwłaszcza na Boże Narodzenie. Symbolizuje dostatek i pomyślność, a jego obecność na świątecznym stole to część polskiej tradycji.', 0, 'Polska'),
(2, 'Pierogi', 'Pierogi to ikona polskiej kuchni – ciasto wypełnione różnorodnymi farszami: od mięsa, przez ziemniaki, po owoce. Często podawane na różne okazje, w tym na Wigilię. Mogą być gotowane lub smażone, a także serwowane z dodatkami jak cebula czy śmietana. To danie uniwersalne, które można łatwo dostosować do różnych gustów.', 1, 'Polska'),
(3, 'Gołąbki', 'Gołąbki to liście kapusty, w które zawija się farsz z mięsa, ryżu i przypraw. Gotowane w sosie pomidorowym lub duszone, gołąbki są sycącym daniem, które podawane jest podczas uroczystości rodzinnych i świąt. To klasyczne danie polskiej kuchni, które jest cenione za swój aromat i pełnię smaku.', 0, 'Polska'),
(4, 'Sernik', 'Sernik to tradycyjny polski deser z twarogu, który może być przygotowywany na różne sposoby. Jest to ciasto o delikatnej konsystencji, często zdobione owocami, polewami lub czekoladą. Sernik jest niezwykle popularny w Polsce, zwłaszcza na święta, i stanowi jeden z najbardziej klasycznych deserów.', 1, 'Polska'),
(5, 'Golonka', 'Golonka to danie składające się z gotowanej lub pieczonej golonki wieprzowej, zazwyczaj podawanej z ziemniakami lub kapustą. Jest to bardzo sycące i aromatyczne danie, które cieszy się dużą popularnością w Polsce, zwłaszcza w tradycyjnych, regionalnych restauracjach.', 0, 'Polska'),
(6, 'Gulasz', 'Gulasz to jednogarnkowe danie mięsne, które składa się z mięsa (zwykle wołowego), warzyw i przypraw, gotowanych na wolnym ogniu. To sycące danie, które ma wiele regionalnych odmian w Polsce i innych krajach Europy Środkowej. Często podawane z kaszą, ziemniakami lub chlebem.', 0, 'Polska'),
(7, 'Szarlotka', 'Szarlotka to tradycyjny polski deser, który składa się z kruchego ciasta i nadzienia jabłkowego. Często przyprawiany cynamonem i cukrem, a także polany lukrem lub posypany cukrem pudrem. Jest to popularne danie w Polsce, zwłaszcza na jesień, gdy jabłka są w pełni sezonu.', 1, 'Polska'),
(8, 'Rosół', 'Rosół to klarowna zupa mięsna, przygotowywana zazwyczaj z kurczaka lub wołowiny, gotowana z warzywami. To danie, które jest symbolem polskiej kuchni i często podawane jest na rodzinnych obiadach lub podczas świąt. Uważane jest za lekcję zdrowia, idealne na rozgrzanie w zimne dni.', 0, 'Polska'),
(9, 'Kopytka', 'Kopytka to polskie kluski, które mają kształt małych prostokątów lub poduszeczek. Są one przygotowywane głównie z ziemniaków i mąki. Często podawane z różnymi sosami, takimi jak masło i cebula, ale także w wersji na słodko. Popularne w Polsce jako dodatek do mięsa, ale również jako danie główne.', 1, 'Polska'),
(10, 'Żurek', 'Żurek to tradycyjna polska zupa, której głównym składnikiem jest zakwas na bazie mąki żytniej. Zupa ma charakterystyczny kwaśny smak i jest podawana z białą kiełbasą, jajkiem i często ziemniakami. Jest to jedno z najbardziej charakterystycznych dań polskiej kuchni.', 0, 'Polska'),
(11, 'Bigos', 'Bigos to jednogarnkowe danie, które jest mieszanką kapusty, mięsa (często wieprzowego i wołowego) oraz przypraw. Potrawa jest duszona przez długi czas, co sprawia, że smaki się wzajemnie przenikają. Bigos to danie, które stało się symbolem polskich świąt i uroczystości.', 0, 'Polska'),
(12, 'Kotlet Schabowy', 'Kotlet schabowy to jedno z najbardziej popularnych dań w Polsce. Jest to panierowane mięso wieprzowe, smażone na złoto i często podawane z ziemniakami i kapustą lub surówką. Kotlet schabowy stanowi klasyczny obiad w polskich domach.', 0, 'Polska'),
(13, 'Zupa Pomidorowa', 'Zupa pomidorowa to klasyczna polska zupa przygotowywana z pomidorów, która może być gotowana na wywarze mięsnym lub warzywnym. Zupa jest często podawana z ryżem lub makaronem i stanowi ulubione danie w polskich domach.', 0, 'Polska'),
(14, 'Paszteciki', 'Paszteciki to małe, nadziewane ciastka, które mogą być wypełnione mięsem, kapustą, grzybami lub innymi farszami. Są one często podawane jako przekąska lub dodatek do zupy, zwłaszcza w okresie świątecznym.', 0, 'Polska'),
(15, 'Kremówka', 'Kremówka to tradycyjny polski deser składający się z dwóch warstw ciasta francuskiego, wypełnionych kremem budyniowym. Jest to delikatny, słodki wypiek, który zdobył popularność, szczególnie po wizycie papieża Jana Pawła II w Wadowicach.', 0, 'Polska'),
(16, 'Pizza Margherita', 'Pizza Margherita to jedna z najbardziej znanych i cenionych pizz na świecie, pochodząca z Neapolu. Składa się z cienkiego ciasta, pokrytego sosem pomidorowym, mozzarellą i świeżą bazylią, które nawiązuje do kolorów włoskiej flagi. Historia tej pizzy sięga 1889 roku, kiedy to królowa Margherita z Sabaudii odwiedziła Neapol, a szef kuchni Raffaele Esposito przygotował dla niej tę pizzę na cześć jej imienia. Choć pizza Margherita istniała już wcześniej, to właśnie wtedy zyskała swoją nazwę. Dziś pizza Margherita jest symbolem kuchni włoskiej i jest uznawana za jedną z najważniejszych potraw narodowych', 1, 'Włoska'),
(17, 'Risotto z grzybami', 'Risotto z grzybami to klasyczne włoskie danie, w którym kremowy ryż łączy się z intensywnym smakiem różnych gatunków grzybów, takich jak borowiki, shiitake czy pieczarki. Grzyby są smażone na maśle, a następnie dodawane do ryżu, który powoli wchłania bulion, tworząc gęstą i kremową konsystencję. Risotto jest zazwyczaj wykańczane parmezanem i świeżymi ziołami, a jego smak wzbogacają również cebula, czosnek i białe wino. To danie pełne aromatów, idealne na chłodniejsze dni, które wprowadza do kuchni włoskiej bogaty smak grzybów i ryżu. Risotto z grzybami to elegancka potrawa, która może być zarówno samodzielnym daniem, jak i dodatkiem do mięsnych potraw', 1, 'Włoska'),
(18, 'Spaghetti Bolognese', 'Spaghetti Bolognese to danie, które stało się popularne na całym świecie, choć w samej Bolognii jest znane głównie jako tagliatelle al ragù. Klasyczny włoski ragù, czyli sos mięsny, przygotowywany jest z mielonej wołowiny, wieprzowiny, pomidorów i aromatycznych przypraw. W wersji międzynarodowej często serwuje się go z makaronem spaghetti, mimo że tradycyjnie to inne rodzaje makaronu, takie jak tagliatelle, pasują lepiej do tego sosu. Bolognese to danie bogate w smaki, które stało się symbolem kuchni włoskiej poza granicami Włoch. To klasyczne połączenie mięsa, pomidorów i wina tworzy aromatyczny i pełen smaku sos, który podbija serca miłośników makaronu', 0, 'Włoska'),
(19, 'Carbonara', 'Carbonara to klasyczne rzymskie danie składające się z makaronu (zwykle spaghetti), guanciale (smażona bekonowa skórka), jajek, żółtek i sera Pecorino Romano. Choć to danie jest proste, łączy w sobie intensywne smaki, a jego przygotowanie wymaga precyzji, aby uzyskać kremową konsystencję bez jajecznicy. Istnieje wiele teorii na temat pochodzenia carbonary, jednak jedno jest pewne – jest to jedno z ulubionych dań kuchni włoskiej, cieszące się ogromną popularnością na całym świecie. Tradycyjnie przygotowywane w Rzymie, carbonara jest daniem pełnym smaku i doskonałym przykładem włoskiej prostoty i elegancji', 0, 'Włoska'),
(20, 'Ravioli z homarem', 'Ravioli z homarem to włoska potrawa, w której ciasto ravioli jest nadziewane mieszanką mięsa homara, jaj, pomidorów, bazylii, śmietany i białego wina. Danie to pochodzi z Włoch i jest szczególnie popularne w kuchni śródziemnomorskiej, łącząc delikatność homara z aromatycznymi składnikami. Ravioli są gotowane w bulionie z warzyw i skorupiaków, a następnie podawane z sosem na bazie masła, czosnku i świeżych ziół. To elegancka i wykwintna potrawa, idealna na specjalne okazje. Ravioli z homarem to połączenie wyrafinowanego smaku morza z tradycyjnymi włoskimi technikami przygotowywania makaronu', 0, 'Włoska'),
(21, 'Gnocchi alla Sorrentina', 'Gnocchi alla Sorrentina to tradycyjne danie z Kampanii, a dokładnie z Sorrento, składające się z delikatnych klusek ziemniaczanych zapiekanych w aromatycznym sosie pomidorowym z mozzarellą i bazylią. Gnocchi są pieczone w piekarniku, aż ser się rozpuści, a danie uzyska złocisty, chrupiący wierzch. To klasyczna potrawa, która idealnie nadaje się na letnie obiady, szczególnie gdy przygotowana jest z świeżych składników, takich jak mozzarella di bufala i sezonowe pomidory. Gnocchi alla Sorrentina to proste, ale pełne smaku danie, które zachwyca dzięki połączeniu ziemniaczanych gnocchi i intensywnego sosu pomidorowego', 1, 'Włoska'),
(22, 'Tiramisu', 'Tiramisu to jeden z najsłynniejszych włoskich deserów, który składa się z warstw biszkoptów nasączonych kawą, mascarpone, żółtkami i cukrem, a wszystko jest posypane kakao. Jego nazwa pochodzi od włoskiego tirami su, co oznacza podnieś mnie, nawiązując do pobudzającego działania kawy i alkoholu. Choć jego pochodzenie jest sporne, przypisuje się je regionowi Veneto, a deser zyskał ogromną popularność na całym świecie. Tiramisu jest kremowe, delikatne i idealne na zakończenie włoskiego posiłku. To deser, który łączy proste składniki w wyjątkowy sposób, tworząc niezapomniany smak', 1, 'Włoska'),
(23, 'Pizza Napoletana', 'Pizza Napoletana to klasyczna włoska pizza z Neapolu, uznawana za jedną z najbardziej autentycznych wersji tego dania. Charakteryzuje się cienkim, elastycznym ciastem, które jest pieczone w piecu opalanym drewnem, co nadaje jej niepowtarzalny smak. Tradycyjnie jest bardzo prosta, z minimalną ilością składników, ale jej jakość tkwi w prostocie i świeżości użytych produktów. Pizza Napoletana została wpisana na listę produktów o chronionej nazwie pochodzenia (STG), co zapewnia jej autentyczność. To danie stało się symbolem włoskiej kuchni, znane i cenione na całym świecie', 1, 'Włoska'),
(24, 'Bruschetta', 'Bruschetta to klasyczna włoska przystawka, składająca się z opieczonego chleba posmarowanego czosnkiem, oliwą z oliwek i posypanego solą. Najczęściej podawana z dodatkami, takimi jak świeże pomidory, bazylia i ser, tworzy prostą, ale pełną smaku przekąskę. Pochodzi z Toskanii i jest popularna na całym terytorium Włoch jako lekka przekąska lub przystawka przed głównym daniem. Bruschetta jest symbolem włoskiej kuchni, znana ze swojej prostoty i świeżości składników. Idealna na letnie dni, kiedy pomidory są w pełni sezonu', 1, 'Włoska'),
(25, 'Torrone', 'Torrone to tradycyjny włoski nugat, szczególnie popularny w okresie świątecznym. Składa się głównie z miodu, cukru, białek jaj i orzechów, takich jak migdały, orzechy włoskie lub pistacje. Jest znany z delikatnej tekstury, która może być twarda lub miękka w zależności od regionu. Torrone pochodzi z Włoch, gdzie jest szczególnie ceniony w regionie Piemontu i Sycylia. To słodki przysmak, który jest integralną częścią włoskiej tradycji kulinarnej, szczególnie podczas Bożego Narodzenia', 1, 'Włoska'),
(26, 'Panna cotta', 'Panna cotta to klasyczny włoski deser, który zyskał międzynarodową popularność dzięki swojej kremowej konsystencji i prostocie wykonania. Składa się głównie z kremu, cukru i żelatyny, które tworzą gładką, delikatną masę. Deser ten pochodzi z Piemontu i jest często podawany z owocami, karmelowym sosem lub czekoladą, co wzbogaca jego smak. Panna cotta jest uwielbiana za swoją uniwersalność i łatwość w przygotowaniu. To idealny deser na zakończenie włoskiego posiłku, który może być przygotowany na wiele różnych sposobów', 1, 'Włoska'),
(27, 'Focaccia', 'Focaccia to włoski chleb, który jest miękki, puszysty i aromatyczny, często przyprawiany oliwą z oliwek, solą oraz świeżymi ziołami, takimi jak rozmaryn. Pochodzi z Włoch, a jej historia sięga czasów starożytnych Rzymian. Focaccia może być podawana jako przekąska, dodatek do posiłków lub używana jako baza do kanapek. Często wzbogacana jest o różne dodatki, takie jak oliwki, cebula czy pomidory. To klasyczne danie, które odzwierciedla prostotę i jakość włoskiej kuchni', 0, 'Włoska'),
(28, 'Carpaccio', 'Carpaccio to włoska przystawka, która składa się z cienko pokrojonego, surowego mięsa, najczęściej wołowiny, podawanego na zimno z oliwą z oliwek, cytryną, parmezanem i rukolą. Danie zostało po raz pierwszy stworzone w Wenecji w latach 50-tych XX wieku przez szefa kuchni Giuseppe Cipriani. Carpaccio jest lekką i elegancką opcją na początek posiłku, idealnie komponującą się z winem. Można je również przygotować z ryb, takich jak tuńczyk czy łosoś, tworząc wersje różne od klasycznej wołowiny. To wyjątkowe danie, które podkreśla świeżość składników i smak surowego mięsa', 0, 'Włoska'),
(29, 'Cannoli', 'Cannoli to tradycyjny włoski deser, który pochodzi z Sycylii i jest jednym z najbardziej rozpoznawalnych słodkich przysmaków włoskich. Składa się z chrupiących rurek wypełnionych słodkim nadzieniem z ricotty, często z dodatkiem czekolady, owoców kandyzowanych lub orzechów. Cannoli mają kształt rurki, którą smaży się na głębokim oleju, a następnie napełnia kremową, delikatną masą. Deser ten jest szczególnie popularny podczas świąt i uroczystości rodzinnych. Cannoli to słodka, włoska klasyka, która zyskała międzynarodową popularność dzięki swojej wyjątkowej teksturze i bogatemu smakowi', 1, 'Włoska'),
(30, 'Lasagne alla Bolognese', 'Lasagne alla Bolognese to klasyczne danie z regionu Emilia-Romania, które składa się z warstw makaronu, bogatego ragù mięsnego (najczęściej z mielonej wołowiny i wieprzowiny), beszamelu i parmezanu. Danie to jest znane na całym świecie i uważane za symbol włoskiej kuchni. Wersja Bolognese różni się od innych, ponieważ ragù jest gotowane przez długi czas, co nadaje mu głęboki, intensywny smak. Lasagne jest pieczona w piekarniku, aż całość stanie się złocista i bąbelkująca. To sycące i aromatyczne danie, idealne na rodzinne obiady', 0, 'Włoska'),
(31, 'Zupa pomidorowa z makaronem', 'dolore magna', 0, 'greek'),
(32, 'Zupa pomidorowa z makaronem', 'minim veniam', 0, 'mediterranean'),
(33, 'Kotlet mielony z puree ziemniaczanym', 'minim veniam', 0, 'mediterranean'),
(34, 'Pierogi z mięsem', 'aliqua ut', 0, 'thai'),
(35, 'Kaczka pieczona z jabłkami', 'dolor sit amet', 0, 'american'),
(36, 'Krewetki w sosie pomidorowym', 'dolore magna', 0, 'mexican'),
(37, 'Pierogi z mięsem', 'enim ad', 0, 'american'),
(38, 'Sałatka grecka', 'enim ad', 0, 'american'),
(39, 'Sałatka grecka', 'lorem ipsum', 0, 'italian'),
(40, 'Kotlet mielony z puree ziemniaczanym', 'enim ad', 0, 'indian'),
(41, 'Zupa pomidorowa z makaronem', 'dolore magna', 0, 'italian'),
(42, 'Kotlet mielony z puree ziemniaczanym', 'dolore magna', 0, 'mexican'),
(43, 'Pierogi z mięsem', 'enim ad', 0, 'greek'),
(44, 'Ryba po grecku', 'eiusmod tempor', 0, 'thai'),
(45, 'Kotlet mielony z puree ziemniaczanym', 'aliqua ut', 0, 'greek'),
(46, 'Kurczak curry z ryżem', 'enim ad', 0, 'american'),
(47, 'Krewetki w sosie pomidorowym', 'dolore magna', 0, 'italian'),
(48, 'Sałatka grecka', 'dolor sit amet', 0, 'french'),
(49, 'Kaczka pieczona z jabłkami', 'dolore magna', 0, 'japanese'),
(50, 'Krewetki w sosie pomidorowym', 'consectetur adipiscing', 0, 'japanese'),
(51, 'Pierogi z mięsem', 'lorem ipsum', 0, 'indian'),
(52, 'Zupa pomidorowa z makaronem', 'incididunt ut', 0, 'thai'),
(53, 'Zupa pomidorowa z makaronem', 'labore et', 0, 'mexican'),
(54, 'Pierogi z mięsem', 'elit sed do', 0, 'japanese'),
(55, 'Krewetki w sosie pomidorowym', 'incididunt ut', 0, 'french'),
(56, 'Kotlet schabowy z ziemniakami', 'dolor sit amet', 0, 'french'),
(57, 'Zupa pomidorowa z makaronem', 'elit sed do', 0, 'american'),
(58, 'Kaczka pieczona z jabłkami', 'elit sed do', 0, 'chinese'),
(59, 'Sałatka grecka', 'enim ad', 0, 'chinese'),
(60, 'Spaghetti carbonara', 'dolore magna', 0, 'greek'),
(61, 'Kurczak curry z ryżem', 'consectetur adipiscing', 0, 'french'),
(62, 'Kotlet mielony z puree ziemniaczanym', 'consectetur adipiscing', 0, 'mexican'),
(63, 'Kotlet schabowy z ziemniakami', 'dolor sit amet', 0, 'greek'),
(64, 'Kotlet mielony z puree ziemniaczanym', 'consectetur adipiscing', 0, 'mediterranean'),
(65, 'Spaghetti carbonara', 'incididunt ut', 0, 'japanese'),
(66, 'Kotlet schabowy z ziemniakami', 'minim veniam', 0, 'japanese'),
(67, 'Sałatka grecka', 'dolore magna', 0, 'greek'),
(68, 'Kurczak curry z ryżem', 'consectetur adipiscing', 0, 'italian'),
(69, 'Zupa pomidorowa z makaronem', 'eiusmod tempor', 0, 'chinese'),
(70, 'Kotlet schabowy z ziemniakami', 'labore et', 0, 'mediterranean'),
(71, 'Spaghetti carbonara', 'eiusmod tempor', 0, 'mexican'),
(72, 'Kaczka pieczona z jabłkami', 'dolor sit amet', 0, 'greek'),
(73, 'Zupa pomidorowa z makaronem', 'lorem ipsum', 0, 'italian'),
(74, 'Sałatka grecka', 'dolore magna', 0, 'mediterranean'),
(75, 'Kotlet schabowy z ziemniakami', 'lorem ipsum', 0, 'mexican'),
(76, 'Spaghetti carbonara', 'enim ad', 0, 'japanese'),
(77, 'Sałatka grecka', 'minim veniam', 0, 'french'),
(78, 'Kotlet mielony z puree ziemniaczanym', 'labore et', 0, 'japanese'),
(79, 'Sałatka grecka', 'consectetur adipiscing', 0, 'mediterranean'),
(80, 'Zupa pomidorowa z makaronem', 'eiusmod tempor', 0, 'chinese'),
(81, 'Sałatka grecka', 'incididunt ut', 0, 'mexican'),
(82, 'Pierogi z mięsem', 'minim veniam', 0, 'thai'),
(83, 'Sałatka grecka', 'incididunt ut', 0, 'greek'),
(84, 'Krewetki w sosie pomidorowym', 'labore et', 0, 'thai'),
(85, 'Spaghetti carbonara', 'dolore magna', 0, 'chinese'),
(86, 'Kurczak curry z ryżem', 'eiusmod tempor', 0, 'mediterranean'),
(87, 'Krewetki w sosie pomidorowym', 'elit sed do', 0, 'japanese'),
(88, 'Kaczka pieczona z jabłkami', 'incididunt ut', 0, 'japanese'),
(89, 'Kurczak curry z ryżem', 'minim veniam', 0, 'indian'),
(90, 'Zupa pomidorowa z makaronem', 'elit sed do', 0, 'thai'),
(91, 'Zupa pomidorowa z makaronem', 'eiusmod tempor', 0, 'american'),
(92, 'Kotlet mielony z puree ziemniaczanym', 'consectetur adipiscing', 0, 'thai'),
(93, 'Kaczka pieczona z jabłkami', 'dolore magna', 0, 'french'),
(94, 'Pierogi z mięsem', 'eiusmod tempor', 0, 'indian'),
(95, 'Spaghetti carbonara', 'labore et', 0, 'japanese'),
(96, 'Pierogi z mięsem', 'consectetur adipiscing', 0, 'mexican'),
(97, 'Krewetki w sosie pomidorowym', 'dolore magna', 0, 'french'),
(98, 'Ryba po grecku', 'enim ad', 0, 'indian'),
(99, 'Sałatka grecka', 'aliqua ut', 0, 'thai'),
(100, 'Kurczak curry z ryżem', 'dolor sit amet', 0, 'greek'),
(101, 'Kotlet schabowy z ziemniakami', 'minim veniam', 0, 'chinese'),
(102, 'Sałatka grecka', 'incididunt ut', 0, 'chinese'),
(103, 'Pierogi z mięsem', 'minim veniam', 0, 'french'),
(104, 'Spaghetti carbonara', 'dolore magna', 0, 'thai'),
(105, 'Pierogi z mięsem', 'eiusmod tempor', 0, 'thai'),
(106, 'Sałatka grecka', 'eiusmod tempor', 0, 'french'),
(107, 'Zupa pomidorowa z makaronem', 'dolore magna', 0, 'italian'),
(108, 'Kaczka pieczona z jabłkami', 'lorem ipsum', 0, 'mexican'),
(109, 'Kotlet mielony z puree ziemniaczanym', 'aliqua ut', 0, 'greek'),
(110, 'Sałatka grecka', 'lorem ipsum', 0, 'japanese'),
(111, 'Krewetki w sosie pomidorowym', 'labore et', 0, 'greek'),
(112, 'Kurczak curry z ryżem', 'dolore magna', 0, 'chinese'),
(113, 'Spaghetti carbonara', 'lorem ipsum', 0, 'italian'),
(114, 'Kotlet schabowy z ziemniakami', 'enim ad', 0, 'mediterranean'),
(115, 'Kaczka pieczona z jabłkami', 'eiusmod tempor', 0, 'mexican'),
(116, 'Kaczka pieczona z jabłkami', 'dolore magna', 0, 'mediterranean'),
(117, 'Sałatka grecka', 'enim ad', 0, 'indian'),
(118, 'Krewetki w sosie pomidorowym', 'dolor sit amet', 0, 'mexican'),
(119, 'Spaghetti carbonara', 'incididunt ut', 0, 'mexican'),
(120, 'Kaczka pieczona z jabłkami', 'eiusmod tempor', 0, 'american'),
(121, 'Krewetki w sosie pomidorowym', 'elit sed do', 0, 'thai'),
(122, 'Kotlet schabowy z ziemniakami', 'aliqua ut', 0, 'chinese'),
(123, 'Ryba po grecku', 'lorem ipsum', 0, 'american'),
(124, 'Zupa pomidorowa z makaronem', 'labore et', 0, 'greek'),
(125, 'Spaghetti carbonara', 'elit sed do', 0, 'italian'),
(126, 'Kotlet mielony z puree ziemniaczanym', 'elit sed do', 0, 'japanese'),
(127, 'Pierogi z mięsem', 'consectetur adipiscing', 0, 'chinese'),
(128, 'Spaghetti carbonara', 'lorem ipsum', 0, 'japanese'),
(129, 'Kaczka pieczona z jabłkami', 'dolore magna', 0, 'thai'),
(130, 'Ryba po grecku', 'aliqua ut', 0, 'thai'),
(131, 'Spaghetti carbonara', 'aliqua ut', 0, 'french'),
(132, 'Kotlet schabowy z ziemniakami', 'lorem ipsum', 0, 'japanese'),
(133, 'Zupa pomidorowa z makaronem', 'elit sed do', 0, 'chinese'),
(134, 'Kotlet schabowy z ziemniakami', 'aliqua ut', 0, 'japanese'),
(135, 'Zupa pomidorowa z makaronem', 'aliqua ut', 0, 'thai'),
(136, 'Spaghetti carbonara', 'lorem ipsum', 0, 'japanese'),
(137, 'Kotlet mielony z puree ziemniaczanym', 'consectetur adipiscing', 0, 'mediterranean'),
(138, 'Zupa pomidorowa z makaronem', 'minim veniam', 0, 'japanese'),
(139, 'Zupa pomidorowa z makaronem', 'eiusmod tempor', 0, 'american'),
(140, 'Kotlet schabowy z ziemniakami', 'lorem ipsum', 0, 'japanese'),
(141, 'Zupa pomidorowa z makaronem', 'lorem ipsum', 0, 'american'),
(142, 'Krewetki w sosie pomidorowym', 'aliqua ut', 0, 'mexican'),
(143, 'Zupa pomidorowa z makaronem', 'incididunt ut', 0, 'indian'),
(144, 'Kotlet schabowy z ziemniakami', 'minim veniam', 0, 'french'),
(145, 'Spaghetti carbonara', 'elit sed do', 0, 'italian'),
(146, 'Kaczka pieczona z jabłkami', 'eiusmod tempor', 0, 'greek'),
(147, 'Krewetki w sosie pomidorowym', 'minim veniam', 0, 'italian'),
(148, 'Kotlet mielony z puree ziemniaczanym', 'aliqua ut', 0, 'mediterranean'),
(149, 'Zupa pomidorowa z makaronem', 'eiusmod tempor', 0, 'mediterranean'),
(150, 'Kotlet schabowy z ziemniakami', 'incididunt ut', 0, 'mexican'),
(151, 'Krewetki w sosie pomidorowym', 'minim veniam', 0, 'indian'),
(152, 'Kurczak curry z ryżem', 'dolore magna', 0, 'japanese'),
(153, 'Sałatka grecka', 'enim ad', 0, 'mexican'),
(154, 'Spaghetti carbonara', 'elit sed do', 0, 'greek'),
(155, 'Sałatka grecka', 'dolor sit amet', 0, 'french'),
(156, 'Ryba po grecku', 'aliqua ut', 0, 'french'),
(157, 'Pierogi z mięsem', 'dolor sit amet', 0, 'indian'),
(158, 'Kurczak curry z ryżem', 'consectetur adipiscing', 0, 'american'),
(159, 'Kotlet schabowy z ziemniakami', 'aliqua ut', 0, 'mediterranean'),
(160, 'Zupa pomidorowa z makaronem', 'aliqua ut', 0, 'chinese'),
(161, 'Ryba po grecku', 'eiusmod tempor', 0, 'japanese'),
(162, 'Pierogi z mięsem', 'eiusmod tempor', 0, 'japanese'),
(163, 'Kotlet schabowy z ziemniakami', 'elit sed do', 0, 'american'),
(164, 'Kaczka pieczona z jabłkami', 'eiusmod tempor', 0, 'italian'),
(165, 'Kurczak curry z ryżem', 'elit sed do', 0, 'american'),
(166, 'Sałatka grecka', 'consectetur adipiscing', 0, 'italian'),
(167, 'Zupa pomidorowa z makaronem', 'enim ad', 0, 'thai'),
(168, 'Ryba po grecku', 'dolore magna', 0, 'greek'),
(169, 'Kotlet schabowy z ziemniakami', 'enim ad', 0, 'greek'),
(170, 'Pierogi z mięsem', 'lorem ipsum', 0, 'indian'),
(171, 'Spaghetti carbonara', 'labore et', 0, 'mexican'),
(172, 'Pierogi z mięsem', 'consectetur adipiscing', 0, 'indian'),
(173, 'Sałatka grecka', 'labore et', 0, 'mexican'),
(174, 'Kotlet schabowy z ziemniakami', 'elit sed do', 0, 'french'),
(175, 'Krewetki w sosie pomidorowym', 'lorem ipsum', 0, 'italian'),
(176, 'Ryba po grecku', 'dolore magna', 0, 'french'),
(177, 'Kurczak curry z ryżem', 'minim veniam', 0, 'american'),
(178, 'Pierogi z mięsem', 'dolor sit amet', 0, 'italian'),
(179, 'Kotlet mielony z puree ziemniaczanym', 'minim veniam', 0, 'italian'),
(180, 'Sałatka grecka', 'dolore magna', 0, 'greek'),
(181, 'Kurczak curry z ryżem', 'labore et', 0, 'japanese'),
(182, 'Kotlet mielony z puree ziemniaczanym', 'enim ad', 0, 'italian'),
(183, 'Kotlet mielony z puree ziemniaczanym', 'lorem ipsum', 0, 'mediterranean'),
(184, 'Sałatka grecka', 'aliqua ut', 0, 'indian'),
(185, 'Ryba po grecku', 'lorem ipsum', 0, 'indian'),
(186, 'Spaghetti carbonara', 'elit sed do', 0, 'french'),
(187, 'Kaczka pieczona z jabłkami', 'elit sed do', 0, 'greek'),
(188, 'Pierogi z mięsem', 'incididunt ut', 0, 'mediterranean'),
(189, 'Krewetki w sosie pomidorowym', 'eiusmod tempor', 0, 'chinese'),
(190, 'Kaczka pieczona z jabłkami', 'lorem ipsum', 0, 'italian'),
(191, 'Kotlet schabowy z ziemniakami', 'aliqua ut', 0, 'american'),
(192, 'Kotlet mielony z puree ziemniaczanym', 'minim veniam', 0, 'chinese'),
(193, 'Ryba po grecku', 'consectetur adipiscing', 0, 'greek'),
(194, 'Sałatka grecka', 'elit sed do', 0, 'greek'),
(195, 'Pierogi z mięsem', 'labore et', 0, 'japanese'),
(196, 'Zupa pomidorowa z makaronem', 'consectetur adipiscing', 0, 'chinese'),
(197, 'Kotlet mielony z puree ziemniaczanym', 'elit sed do', 0, 'thai'),
(198, 'Kurczak curry z ryżem', 'labore et', 0, 'greek'),
(199, 'Spaghetti carbonara', 'consectetur adipiscing', 0, 'greek'),
(200, 'Kurczak curry z ryżem', 'minim veniam', 0, 'mediterranean'),
(201, 'Krewetki w sosie pomidorowym', 'lorem ipsum', 0, 'thai'),
(202, 'Spaghetti carbonara', 'incididunt ut', 0, 'japanese'),
(203, 'Spaghetti carbonara', 'enim ad', 0, 'indian'),
(204, 'Pierogi z mięsem', 'labore et', 0, 'french'),
(205, 'Kotlet schabowy z ziemniakami', 'aliqua ut', 0, 'indian'),
(206, 'Kurczak curry z ryżem', 'aliqua ut', 0, 'american'),
(207, 'Kotlet schabowy z ziemniakami', 'labore et', 0, 'french'),
(208, 'Ryba po grecku', 'consectetur adipiscing', 0, 'french'),
(209, 'Kotlet schabowy z ziemniakami', 'labore et', 0, 'thai'),
(210, 'Kurczak curry z ryżem', 'lorem ipsum', 0, 'mexican'),
(211, 'Pierogi z mięsem', 'eiusmod tempor', 0, 'japanese'),
(212, 'Kotlet schabowy z ziemniakami', 'dolor sit amet', 0, 'indian'),
(213, 'Pierogi z mięsem', 'consectetur adipiscing', 0, 'chinese'),
(214, 'Kaczka pieczona z jabłkami', 'lorem ipsum', 0, 'mexican'),
(215, 'Spaghetti carbonara', 'eiusmod tempor', 0, 'italian'),
(216, 'Krewetki w sosie pomidorowym', 'enim ad', 0, 'mediterranean'),
(217, 'Ryba po grecku', 'lorem ipsum', 0, 'american'),
(218, 'Spaghetti carbonara', 'eiusmod tempor', 0, 'french'),
(219, 'Sałatka grecka', 'aliqua ut', 0, 'japanese'),
(220, 'Kotlet mielony z puree ziemniaczanym', 'labore et', 0, 'mexican'),
(221, 'Zupa pomidorowa z makaronem', 'consectetur adipiscing', 0, 'greek'),
(222, 'Spaghetti carbonara', 'labore et', 0, 'indian'),
(223, 'Spaghetti carbonara', 'consectetur adipiscing', 0, 'mexican'),
(224, 'Kotlet schabowy z ziemniakami', 'labore et', 0, 'mediterranean'),
(225, 'Kotlet schabowy z ziemniakami', 'aliqua ut', 0, 'french'),
(226, 'Sałatka grecka', 'lorem ipsum', 0, 'greek'),
(227, 'Spaghetti carbonara', 'labore et', 0, 'mexican'),
(228, 'Ryba po grecku', 'incididunt ut', 0, 'italian'),
(229, 'Spaghetti carbonara', 'dolor sit amet', 0, 'thai'),
(230, 'Kotlet schabowy z ziemniakami', 'minim veniam', 0, 'thai'),
(231, 'Kotlet schabowy z ziemniakami', 'consectetur adipiscing', 0, 'american'),
(232, 'Kaczka pieczona z jabłkami', 'incididunt ut', 0, 'mediterranean'),
(233, 'Zupa pomidorowa z makaronem', 'consectetur adipiscing', 0, 'american'),
(234, 'Zupa pomidorowa z makaronem', 'elit sed do', 0, 'greek'),
(235, 'Zupa pomidorowa z makaronem', 'eiusmod tempor', 0, 'japanese'),
(236, 'Ryba po grecku', 'minim veniam', 0, 'chinese'),
(237, 'Kaczka pieczona z jabłkami', 'eiusmod tempor', 0, 'japanese'),
(238, 'Kotlet mielony z puree ziemniaczanym', 'consectetur adipiscing', 0, 'thai'),
(239, 'Kotlet schabowy z ziemniakami', 'consectetur adipiscing', 0, 'japanese'),
(240, 'Zupa pomidorowa z makaronem', 'eiusmod tempor', 0, 'american'),
(241, 'Kurczak curry z ryżem', 'labore et', 0, 'indian'),
(242, 'Kurczak curry z ryżem', 'dolore magna', 0, 'indian'),
(243, 'Krewetki w sosie pomidorowym', 'consectetur adipiscing', 0, 'indian'),
(244, 'Zupa pomidorowa z makaronem', 'enim ad', 0, 'japanese'),
(245, 'Kotlet mielony z puree ziemniaczanym', 'minim veniam', 0, 'american'),
(246, 'Krewetki w sosie pomidorowym', 'enim ad', 0, 'indian'),
(247, 'Krewetki w sosie pomidorowym', 'labore et', 0, 'chinese'),
(248, 'Krewetki w sosie pomidorowym', 'eiusmod tempor', 0, 'chinese'),
(249, 'Kotlet schabowy z ziemniakami', 'incididunt ut', 0, 'thai'),
(250, 'Kotlet schabowy z ziemniakami', 'elit sed do', 0, 'french'),
(251, 'Kurczak curry z ryżem', 'minim veniam', 0, 'chinese'),
(252, 'Krewetki w sosie pomidorowym', 'aliqua ut', 0, 'mediterranean'),
(253, 'Pierogi z mięsem', 'lorem ipsum', 0, 'mediterranean'),
(254, 'Sałatka grecka', 'elit sed do', 0, 'chinese'),
(255, 'Krewetki w sosie pomidorowym', 'minim veniam', 0, 'italian'),
(256, 'Kotlet schabowy z ziemniakami', 'eiusmod tempor', 0, 'japanese'),
(257, 'Spaghetti carbonara', 'labore et', 0, 'thai'),
(258, 'Kotlet mielony z puree ziemniaczanym', 'consectetur adipiscing', 0, 'greek'),
(259, 'Kotlet mielony z puree ziemniaczanym', 'consectetur adipiscing', 0, 'mexican'),
(260, 'Kotlet mielony z puree ziemniaczanym', 'incididunt ut', 0, 'chinese'),
(261, 'Pierogi z mięsem', 'aliqua ut', 0, 'chinese'),
(262, 'Krewetki w sosie pomidorowym', 'minim veniam', 0, 'thai'),
(263, 'Kurczak curry z ryżem', 'incididunt ut', 0, 'french'),
(264, 'Zupa pomidorowa z makaronem', 'aliqua ut', 0, 'greek'),
(265, 'Kaczka pieczona z jabłkami', 'elit sed do', 0, 'thai'),
(266, 'Krewetki w sosie pomidorowym', 'enim ad', 0, 'japanese'),
(267, 'Kotlet mielony z puree ziemniaczanym', 'labore et', 0, 'american'),
(268, 'Spaghetti carbonara', 'consectetur adipiscing', 0, 'japanese'),
(269, 'Kotlet schabowy z ziemniakami', 'incididunt ut', 0, 'thai'),
(270, 'Kaczka pieczona z jabłkami', 'dolore magna', 0, 'french'),
(271, 'Zupa pomidorowa z makaronem', 'dolor sit amet', 0, 'french'),
(272, 'Kotlet mielony z puree ziemniaczanym', 'lorem ipsum', 0, 'thai'),
(273, 'Krewetki w sosie pomidorowym', 'dolor sit amet', 0, 'italian'),
(274, 'Kaczka pieczona z jabłkami', 'incididunt ut', 0, 'indian'),
(275, 'Kotlet schabowy z ziemniakami', 'incididunt ut', 0, 'indian'),
(276, 'Kotlet mielony z puree ziemniaczanym', 'dolore magna', 0, 'thai'),
(277, 'Kurczak curry z ryżem', 'lorem ipsum', 0, 'greek'),
(278, 'Kotlet schabowy z ziemniakami', 'lorem ipsum', 0, 'french'),
(279, 'Kurczak curry z ryżem', 'eiusmod tempor', 0, 'italian'),
(280, 'Kotlet mielony z puree ziemniaczanym', 'enim ad', 0, 'american'),
(281, 'Pierogi z mięsem', 'incididunt ut', 0, 'indian'),
(282, 'Kaczka pieczona z jabłkami', 'lorem ipsum', 0, 'italian'),
(283, 'Kurczak curry z ryżem', 'incididunt ut', 0, 'mediterranean'),
(284, 'Sałatka grecka', 'dolor sit amet', 0, 'mediterranean'),
(285, 'Krewetki w sosie pomidorowym', 'dolor sit amet', 0, 'indian'),
(286, 'Ryba po grecku', 'consectetur adipiscing', 0, 'mediterranean'),
(287, 'Krewetki w sosie pomidorowym', 'enim ad', 0, 'french'),
(288, 'Kotlet mielony z puree ziemniaczanym', 'consectetur adipiscing', 0, 'greek'),
(289, 'Kaczka pieczona z jabłkami', 'aliqua ut', 0, 'mexican'),
(290, 'Kurczak curry z ryżem', 'elit sed do', 0, 'indian'),
(291, 'Kotlet mielony z puree ziemniaczanym', 'elit sed do', 0, 'indian'),
(292, 'Pierogi z mięsem', 'aliqua ut', 0, 'greek'),
(293, 'Zupa pomidorowa z makaronem', 'elit sed do', 0, 'mexican'),
(294, 'Zupa pomidorowa z makaronem', 'consectetur adipiscing', 0, 'japanese'),
(295, 'Zupa pomidorowa z makaronem', 'eiusmod tempor', 0, 'mexican'),
(296, 'Kotlet mielony z puree ziemniaczanym', 'consectetur adipiscing', 0, 'chinese'),
(297, 'Kaczka pieczona z jabłkami', 'dolore magna', 0, 'japanese'),
(298, 'Pierogi z mięsem', 'aliqua ut', 0, 'italian'),
(299, 'Kotlet schabowy z ziemniakami', 'eiusmod tempor', 0, 'french'),
(300, 'Zupa pomidorowa z makaronem', 'eiusmod tempor', 0, 'japanese'),
(301, 'Krewetki w sosie pomidorowym', 'eiusmod tempor', 0, 'mexican'),
(302, 'Pierogi z mięsem', 'aliqua ut', 0, 'thai'),
(303, 'Sałatka grecka', 'dolor sit amet', 0, 'mexican'),
(304, 'Ryba po grecku', 'minim veniam', 0, 'american'),
(305, 'Kaczka pieczona z jabłkami', 'enim ad', 0, 'chinese'),
(306, 'Kurczak curry z ryżem', 'labore et', 0, 'mediterranean'),
(307, 'Spaghetti carbonara', 'minim veniam', 0, 'mexican'),
(308, 'Ryba po grecku', 'consectetur adipiscing', 0, 'chinese'),
(309, 'Kaczka pieczona z jabłkami', 'dolor sit amet', 0, 'thai'),
(310, 'Kotlet schabowy z ziemniakami', 'consectetur adipiscing', 0, 'greek'),
(311, 'Ryba po grecku', 'incididunt ut', 0, 'mediterranean'),
(312, 'Spaghetti carbonara', 'incididunt ut', 0, 'chinese'),
(313, 'Kotlet mielony z puree ziemniaczanym', 'aliqua ut', 0, 'greek'),
(314, 'Ryba po grecku', 'labore et', 0, 'indian'),
(315, 'Zupa pomidorowa z makaronem', 'aliqua ut', 0, 'greek'),
(316, 'Sałatka grecka', 'minim veniam', 0, 'greek'),
(317, 'Pierogi z mięsem', 'dolor sit amet', 0, 'mexican'),
(318, 'Sałatka grecka', 'aliqua ut', 0, 'chinese'),
(319, 'Zupa pomidorowa z makaronem', 'minim veniam', 0, 'indian'),
(320, 'Kurczak curry z ryżem', 'aliqua ut', 0, 'italian'),
(321, 'Sałatka grecka', 'lorem ipsum', 0, 'greek'),
(322, 'Kotlet schabowy z ziemniakami', 'aliqua ut', 0, 'american'),
(323, 'Krewetki w sosie pomidorowym', 'incididunt ut', 0, 'italian'),
(324, 'Kotlet schabowy z ziemniakami', 'labore et', 0, 'american'),
(325, 'Zupa pomidorowa z makaronem', 'incididunt ut', 0, 'thai'),
(326, 'Ryba po grecku', 'enim ad', 0, 'mediterranean'),
(327, 'Kotlet mielony z puree ziemniaczanym', 'labore et', 0, 'thai'),
(328, 'Kotlet mielony z puree ziemniaczanym', 'lorem ipsum', 0, 'chinese'),
(329, 'Pierogi z mięsem', 'incididunt ut', 0, 'thai'),
(330, 'Kaczka pieczona z jabłkami', 'elit sed do', 0, 'japanese'),
(331, 'Sałatka grecka', 'labore et', 0, 'american'),
(332, 'Spaghetti carbonara', 'eiusmod tempor', 0, 'japanese'),
(333, 'Kotlet mielony z puree ziemniaczanym', 'aliqua ut', 0, 'french'),
(334, 'Ryba po grecku', 'enim ad', 0, 'american'),
(335, 'Kaczka pieczona z jabłkami', 'dolor sit amet', 0, 'indian'),
(336, 'Kotlet mielony z puree ziemniaczanym', 'minim veniam', 0, 'japanese'),
(337, 'Zupa pomidorowa z makaronem', 'labore et', 0, 'thai'),
(338, 'Pierogi z mięsem', 'enim ad', 0, 'mexican'),
(339, 'Kaczka pieczona z jabłkami', 'consectetur adipiscing', 0, 'mexican'),
(340, 'Kaczka pieczona z jabłkami', 'dolor sit amet', 0, 'american'),
(341, 'Kurczak curry z ryżem', 'aliqua ut', 0, 'chinese'),
(342, 'Sałatka grecka', 'enim ad', 0, 'mediterranean'),
(343, 'Kotlet mielony z puree ziemniaczanym', 'labore et', 0, 'greek'),
(344, 'Zupa pomidorowa z makaronem', 'enim ad', 0, 'greek'),
(345, 'Kurczak curry z ryżem', 'dolor sit amet', 0, 'french'),
(346, 'Zupa pomidorowa z makaronem', 'elit sed do', 0, 'french'),
(347, 'Pierogi z mięsem', 'eiusmod tempor', 0, 'chinese'),
(348, 'Pierogi z mięsem', 'lorem ipsum', 0, 'italian'),
(349, 'Kurczak curry z ryżem', 'eiusmod tempor', 0, 'indian'),
(350, 'Spaghetti carbonara', 'aliqua ut', 0, 'chinese'),
(351, 'Pierogi z mięsem', 'consectetur adipiscing', 0, 'american'),
(352, 'Spaghetti carbonara', 'elit sed do', 0, 'american'),
(353, 'Kurczak curry z ryżem', 'aliqua ut', 0, 'mediterranean'),
(354, 'Kaczka pieczona z jabłkami', 'enim ad', 0, 'mediterranean'),
(355, 'Pierogi z mięsem', 'lorem ipsum', 0, 'indian'),
(356, 'Pierogi z mięsem', 'aliqua ut', 0, 'american'),
(357, 'Pierogi z mięsem', 'lorem ipsum', 0, 'american'),
(358, 'Kotlet mielony z puree ziemniaczanym', 'consectetur adipiscing', 0, 'chinese'),
(359, 'Kaczka pieczona z jabłkami', 'dolor sit amet', 0, 'american'),
(360, 'Ryba po grecku', 'enim ad', 0, 'french'),
(361, 'Spaghetti carbonara', 'enim ad', 0, 'chinese'),
(362, 'Sałatka grecka', 'lorem ipsum', 0, 'american'),
(363, 'Kotlet schabowy z ziemniakami', 'lorem ipsum', 0, 'mexican'),
(364, 'Sałatka grecka', 'labore et', 0, 'chinese'),
(365, 'Sałatka grecka', 'dolore magna', 0, 'italian'),
(366, 'Pierogi z mięsem', 'lorem ipsum', 0, 'mexican'),
(367, 'Spaghetti carbonara', 'lorem ipsum', 0, 'chinese'),
(368, 'Spaghetti carbonara', 'dolore magna', 0, 'greek'),
(369, 'Sałatka grecka', 'eiusmod tempor', 0, 'italian'),
(370, 'Zupa pomidorowa z makaronem', 'enim ad', 0, 'thai'),
(371, 'Kotlet mielony z puree ziemniaczanym', 'eiusmod tempor', 0, 'french'),
(372, 'Spaghetti carbonara', 'enim ad', 0, 'japanese'),
(373, 'Sałatka grecka', 'consectetur adipiscing', 0, 'greek'),
(374, 'Sałatka grecka', 'aliqua ut', 0, 'italian'),
(375, 'Pierogi z mięsem', 'eiusmod tempor', 0, 'indian'),
(376, 'Kotlet mielony z puree ziemniaczanym', 'dolore magna', 0, 'american'),
(377, 'Sałatka grecka', 'consectetur adipiscing', 0, 'american'),
(378, 'Pierogi z mięsem', 'enim ad', 0, 'indian'),
(379, 'Kurczak curry z ryżem', 'lorem ipsum', 0, 'greek'),
(380, 'Spaghetti carbonara', 'eiusmod tempor', 0, 'mexican'),
(381, 'Krewetki w sosie pomidorowym', 'dolore magna', 0, 'indian'),
(382, 'Krewetki w sosie pomidorowym', 'consectetur adipiscing', 0, 'greek'),
(383, 'Zupa pomidorowa z makaronem', 'elit sed do', 0, 'chinese'),
(384, 'Zupa pomidorowa z makaronem', 'elit sed do', 0, 'thai'),
(385, 'Spaghetti carbonara', 'minim veniam', 0, 'american'),
(386, 'Zupa pomidorowa z makaronem', 'minim veniam', 0, 'indian'),
(387, 'Ryba po grecku', 'dolore magna', 0, 'chinese'),
(388, 'Kotlet mielony z puree ziemniaczanym', 'incididunt ut', 0, 'mediterranean'),
(389, 'Kurczak curry z ryżem', 'minim veniam', 0, 'mexican'),
(390, 'Krewetki w sosie pomidorowym', 'labore et', 0, 'greek'),
(391, 'Kotlet schabowy z ziemniakami', 'enim ad', 0, 'italian'),
(392, 'Ryba po grecku', 'incididunt ut', 0, 'french'),
(393, 'Kaczka pieczona z jabłkami', 'incididunt ut', 0, 'indian'),
(394, 'Ryba po grecku', 'eiusmod tempor', 0, 'japanese'),
(395, 'Kurczak curry z ryżem', 'aliqua ut', 0, 'thai'),
(396, 'Zupa pomidorowa z makaronem', 'labore et', 0, 'american'),
(397, 'Kurczak curry z ryżem', 'labore et', 0, 'mexican'),
(398, 'Zupa pomidorowa z makaronem', 'dolor sit amet', 0, 'indian'),
(399, 'Kurczak curry z ryżem', 'consectetur adipiscing', 0, 'chinese'),
(400, 'Ryba po grecku', 'aliqua ut', 0, 'japanese'),
(401, 'Kaczka pieczona z jabłkami', 'eiusmod tempor', 0, 'chinese'),
(402, 'Sałatka grecka', 'aliqua ut', 0, 'japanese'),
(403, 'Kotlet mielony z puree ziemniaczanym', 'elit sed do', 0, 'japanese'),
(404, 'Spaghetti carbonara', 'aliqua ut', 0, 'french'),
(405, 'Krewetki w sosie pomidorowym', 'elit sed do', 0, 'greek'),
(406, 'Sałatka grecka', 'dolor sit amet', 0, 'american'),
(407, 'Kurczak curry z ryżem', 'dolor sit amet', 0, 'american'),
(408, 'Kotlet mielony z puree ziemniaczanym', 'dolore magna', 0, 'chinese'),
(409, 'Pierogi z mięsem', 'eiusmod tempor', 0, 'chinese'),
(410, 'Kotlet mielony z puree ziemniaczanym', 'lorem ipsum', 0, 'indian'),
(411, 'Kotlet mielony z puree ziemniaczanym', 'aliqua ut', 0, 'thai'),
(412, 'Spaghetti carbonara', 'eiusmod tempor', 0, 'greek'),
(413, 'Kaczka pieczona z jabłkami', 'elit sed do', 0, 'mexican'),
(414, 'Ryba po grecku', 'minim veniam', 0, 'indian'),
(415, 'Kotlet schabowy z ziemniakami', 'incididunt ut', 0, 'greek'),
(416, 'Kurczak curry z ryżem', 'enim ad', 0, 'mexican'),
(417, 'Kaczka pieczona z jabłkami', 'eiusmod tempor', 0, 'thai'),
(418, 'Ryba po grecku', 'eiusmod tempor', 0, 'mediterranean'),
(419, 'Kaczka pieczona z jabłkami', 'minim veniam', 0, 'greek'),
(420, 'Kotlet mielony z puree ziemniaczanym', 'aliqua ut', 0, 'italian'),
(421, 'Kurczak curry z ryżem', 'minim veniam', 0, 'chinese'),
(422, 'Pierogi z mięsem', 'incididunt ut', 0, 'indian'),
(423, 'Krewetki w sosie pomidorowym', 'aliqua ut', 0, 'thai'),
(424, 'Kaczka pieczona z jabłkami', 'minim veniam', 0, 'indian'),
(425, 'Kotlet mielony z puree ziemniaczanym', 'incididunt ut', 0, 'japanese'),
(426, 'Zupa pomidorowa z makaronem', 'dolor sit amet', 0, 'indian'),
(427, 'Spaghetti carbonara', 'minim veniam', 0, 'indian'),
(428, 'Spaghetti carbonara', 'minim veniam', 0, 'chinese'),
(429, 'Kaczka pieczona z jabłkami', 'lorem ipsum', 0, 'japanese'),
(430, 'Kaczka pieczona z jabłkami', 'lorem ipsum', 0, 'mexican'),
(431, 'Ryba po grecku', 'enim ad', 0, 'japanese'),
(432, 'Zupa pomidorowa z makaronem', 'incididunt ut', 0, 'greek'),
(433, 'Sałatka grecka', 'elit sed do', 0, 'greek'),
(434, 'Krewetki w sosie pomidorowym', 'lorem ipsum', 0, 'american'),
(435, 'Kaczka pieczona z jabłkami', 'dolor sit amet', 0, 'thai'),
(436, 'Kurczak curry z ryżem', 'lorem ipsum', 0, 'greek'),
(437, 'Kotlet mielony z puree ziemniaczanym', 'elit sed do', 0, 'mediterranean'),
(438, 'Sałatka grecka', 'minim veniam', 0, 'mediterranean'),
(439, 'Spaghetti carbonara', 'elit sed do', 0, 'indian'),
(440, 'Kaczka pieczona z jabłkami', 'elit sed do', 0, 'japanese'),
(441, 'Kotlet mielony z puree ziemniaczanym', 'dolor sit amet', 0, 'french'),
(442, 'Spaghetti carbonara', 'elit sed do', 0, 'indian'),
(443, 'Kotlet schabowy z ziemniakami', 'dolore magna', 0, 'chinese'),
(444, 'Krewetki w sosie pomidorowym', 'minim veniam', 0, 'japanese'),
(445, 'Krewetki w sosie pomidorowym', 'aliqua ut', 0, 'greek'),
(446, 'Zupa pomidorowa z makaronem', 'aliqua ut', 0, 'mediterranean'),
(447, 'Kurczak curry z ryżem', 'incididunt ut', 0, 'french'),
(448, 'Krewetki w sosie pomidorowym', 'elit sed do', 0, 'french'),
(449, 'Pierogi z mięsem', 'lorem ipsum', 0, 'italian'),
(450, 'Kurczak curry z ryżem', 'dolor sit amet', 0, 'greek'),
(451, 'Kaczka pieczona z jabłkami', 'eiusmod tempor', 0, 'chinese'),
(452, 'Kotlet mielony z puree ziemniaczanym', 'minim veniam', 0, 'mexican'),
(453, 'Pierogi z mięsem', 'dolore magna', 0, 'american'),
(454, 'Kotlet schabowy z ziemniakami', 'dolor sit amet', 0, 'mexican'),
(455, 'Zupa pomidorowa z makaronem', 'eiusmod tempor', 0, 'indian'),
(456, 'Kaczka pieczona z jabłkami', 'incididunt ut', 0, 'thai'),
(457, 'Pierogi z mięsem', 'dolor sit amet', 0, 'italian'),
(458, 'Kurczak curry z ryżem', 'minim veniam', 0, 'french'),
(459, 'Spaghetti carbonara', 'minim veniam', 0, 'chinese'),
(460, 'Kotlet mielony z puree ziemniaczanym', 'labore et', 0, 'greek'),
(461, 'Kurczak curry z ryżem', 'elit sed do', 0, 'chinese'),
(462, 'Kotlet mielony z puree ziemniaczanym', 'consectetur adipiscing', 0, 'thai'),
(463, 'Kotlet schabowy z ziemniakami', 'lorem ipsum', 0, 'indian'),
(464, 'Spaghetti carbonara', 'labore et', 0, 'american'),
(465, 'Pierogi z mięsem', 'dolor sit amet', 0, 'greek'),
(466, 'Krewetki w sosie pomidorowym', 'eiusmod tempor', 0, 'thai'),
(467, 'Krewetki w sosie pomidorowym', 'lorem ipsum', 0, 'indian'),
(468, 'Kotlet schabowy z ziemniakami', 'elit sed do', 0, 'american'),
(469, 'Ryba po grecku', 'elit sed do', 0, 'chinese'),
(470, 'Kotlet schabowy z ziemniakami', 'eiusmod tempor', 0, 'chinese'),
(471, 'Zupa pomidorowa z makaronem', 'minim veniam', 0, 'italian'),
(472, 'Kurczak curry z ryżem', 'minim veniam', 0, 'american'),
(473, 'Kurczak curry z ryżem', 'dolore magna', 0, 'mediterranean'),
(474, 'Ryba po grecku', 'incididunt ut', 0, 'mexican'),
(475, 'Spaghetti carbonara', 'aliqua ut', 0, 'american'),
(476, 'Kaczka pieczona z jabłkami', 'lorem ipsum', 0, 'mediterranean'),
(477, 'Pierogi z mięsem', 'dolor sit amet', 0, 'greek'),
(478, 'Kaczka pieczona z jabłkami', 'lorem ipsum', 0, 'mediterranean'),
(479, 'Kotlet mielony z puree ziemniaczanym', 'incididunt ut', 0, 'american'),
(480, 'Kotlet mielony z puree ziemniaczanym', 'aliqua ut', 0, 'chinese'),
(481, 'Sałatka grecka', 'dolor sit amet', 0, 'mexican'),
(482, 'Kurczak curry z ryżem', 'elit sed do', 0, 'mediterranean'),
(483, 'Spaghetti carbonara', 'eiusmod tempor', 0, 'chinese'),
(484, 'Kurczak curry z ryżem', 'elit sed do', 0, 'indian'),
(485, 'Kotlet mielony z puree ziemniaczanym', 'minim veniam', 0, 'italian'),
(486, 'Pierogi z mięsem', 'aliqua ut', 0, 'mexican'),
(487, 'Pierogi z mięsem', 'labore et', 0, 'chinese'),
(488, 'Pierogi z mięsem', 'consectetur adipiscing', 0, 'greek'),
(489, 'Spaghetti carbonara', 'consectetur adipiscing', 0, 'american'),
(490, 'Kurczak curry z ryżem', 'incididunt ut', 0, 'chinese'),
(491, 'Sałatka grecka', 'dolore magna', 0, 'japanese'),
(492, 'Kotlet schabowy z ziemniakami', 'dolor sit amet', 0, 'mediterranean'),
(493, 'Sałatka grecka', 'incididunt ut', 0, 'american'),
(494, 'Kotlet schabowy z ziemniakami', 'enim ad', 0, 'mediterranean'),
(495, 'Sałatka grecka', 'lorem ipsum', 0, 'greek'),
(496, 'Kurczak curry z ryżem', 'dolore magna', 0, 'chinese'),
(497, 'Sałatka grecka', 'aliqua ut', 0, 'indian'),
(498, 'Krewetki w sosie pomidorowym', 'incididunt ut', 0, 'mexican'),
(499, 'Kurczak curry z ryżem', 'incididunt ut', 0, 'greek'),
(500, 'Sałatka grecka', 'elit sed do', 0, 'american'),
(501, 'Kaczka pieczona z jabłkami', 'minim veniam', 0, 'italian'),
(502, 'Kotlet mielony z puree ziemniaczanym', 'dolore magna', 0, 'japanese'),
(503, 'Krewetki w sosie pomidorowym', 'enim ad', 0, 'american'),
(504, 'Kotlet schabowy z ziemniakami', 'enim ad', 0, 'italian'),
(505, 'Sałatka grecka', 'eiusmod tempor', 0, 'mexican'),
(506, 'Kotlet mielony z puree ziemniaczanym', 'enim ad', 0, 'indian'),
(507, 'Kaczka pieczona z jabłkami', 'enim ad', 0, 'american'),
(508, 'Zupa pomidorowa z makaronem', 'consectetur adipiscing', 0, 'thai'),
(509, 'Krewetki w sosie pomidorowym', 'lorem ipsum', 0, 'greek'),
(510, 'Kaczka pieczona z jabłkami', 'dolor sit amet', 0, 'greek'),
(511, 'Ryba po grecku', 'enim ad', 0, 'thai'),
(512, 'Ryba po grecku', 'consectetur adipiscing', 0, 'american'),
(513, 'Kotlet schabowy z ziemniakami', 'lorem ipsum', 0, 'italian'),
(514, 'Sałatka grecka', 'lorem ipsum', 0, 'italian'),
(515, 'Kurczak curry z ryżem', 'aliqua ut', 0, 'japanese'),
(516, 'Kaczka pieczona z jabłkami', 'enim ad', 0, 'american'),
(517, 'Spaghetti carbonara', 'eiusmod tempor', 0, 'mediterranean'),
(518, 'Krewetki w sosie pomidorowym', 'minim veniam', 0, 'chinese'),
(519, 'Spaghetti carbonara', 'enim ad', 0, 'french'),
(520, 'Ryba po grecku', 'elit sed do', 0, 'japanese'),
(521, 'Pierogi z mięsem', 'eiusmod tempor', 0, 'french'),
(522, 'Ryba po grecku', 'minim veniam', 0, 'italian'),
(523, 'Spaghetti carbonara', 'lorem ipsum', 0, 'thai'),
(524, 'Zupa pomidorowa z makaronem', 'consectetur adipiscing', 0, 'thai'),
(525, 'Spaghetti carbonara', 'eiusmod tempor', 0, 'chinese'),
(526, 'Kotlet schabowy z ziemniakami', 'minim veniam', 0, 'italian'),
(527, 'Sałatka grecka', 'dolor sit amet', 0, 'mediterranean'),
(528, 'Krewetki w sosie pomidorowym', 'dolore magna', 0, 'italian'),
(529, 'Spaghetti carbonara', 'elit sed do', 0, 'american'),
(530, 'Kotlet schabowy z ziemniakami', 'dolore magna', 0, 'french'),
(531, 'Spaghetti carbonara', 'lorem ipsum', 0, 'thai'),
(532, 'Zupa pomidorowa z makaronem', 'aliqua ut', 0, 'indian'),
(533, 'Sałatka grecka', 'elit sed do', 0, 'thai'),
(534, 'Pierogi z mięsem', 'elit sed do', 0, 'mexican'),
(535, 'Spaghetti carbonara', 'minim veniam', 0, 'japanese'),
(536, 'Krewetki w sosie pomidorowym', 'elit sed do', 0, 'indian'),
(537, 'Zupa pomidorowa z makaronem', 'lorem ipsum', 0, 'japanese'),
(538, 'Kotlet schabowy z ziemniakami', 'eiusmod tempor', 0, 'french'),
(539, 'Kaczka pieczona z jabłkami', 'consectetur adipiscing', 0, 'mexican'),
(540, 'Kaczka pieczona z jabłkami', 'labore et', 0, 'french'),
(541, 'Krewetki w sosie pomidorowym', 'aliqua ut', 0, 'japanese'),
(542, 'Kotlet schabowy z ziemniakami', 'enim ad', 0, 'japanese'),
(543, 'Pierogi z mięsem', 'aliqua ut', 0, 'greek'),
(544, 'Kurczak curry z ryżem', 'dolor sit amet', 0, 'italian'),
(545, 'Krewetki w sosie pomidorowym', 'minim veniam', 0, 'japanese'),
(546, 'Krewetki w sosie pomidorowym', 'dolore magna', 0, 'mediterranean'),
(547, 'Krewetki w sosie pomidorowym', 'incididunt ut', 0, 'mediterranean'),
(548, 'Spaghetti carbonara', 'dolor sit amet', 0, 'thai'),
(549, 'Spaghetti carbonara', 'labore et', 0, 'greek'),
(550, 'Kotlet mielony z puree ziemniaczanym', 'dolor sit amet', 0, 'japanese'),
(551, 'Sałatka grecka', 'eiusmod tempor', 0, 'french'),
(552, 'Kotlet mielony z puree ziemniaczanym', 'labore et', 0, 'chinese'),
(553, 'Kotlet schabowy z ziemniakami', 'dolore magna', 0, 'chinese'),
(554, 'Spaghetti carbonara', 'eiusmod tempor', 0, 'thai'),
(555, 'Zupa pomidorowa z makaronem', 'elit sed do', 0, 'chinese'),
(556, 'Ryba po grecku', 'lorem ipsum', 0, 'italian'),
(557, 'Ryba po grecku', 'dolore magna', 0, 'american'),
(558, 'Zupa pomidorowa z makaronem', 'consectetur adipiscing', 0, 'mediterranean'),
(559, 'Spaghetti carbonara', 'incididunt ut', 0, 'japanese'),
(560, 'Kaczka pieczona z jabłkami', 'lorem ipsum', 0, 'indian'),
(561, 'Zupa pomidorowa z makaronem', 'lorem ipsum', 0, 'chinese'),
(562, 'Kotlet schabowy z ziemniakami', 'lorem ipsum', 0, 'japanese'),
(563, 'Kaczka pieczona z jabłkami', 'elit sed do', 0, 'thai'),
(564, 'Kotlet schabowy z ziemniakami', 'eiusmod tempor', 0, 'american'),
(565, 'Spaghetti carbonara', 'aliqua ut', 0, 'chinese'),
(566, 'Zupa pomidorowa z makaronem', 'dolor sit amet', 0, 'thai'),
(567, 'Sałatka grecka', 'dolor sit amet', 0, 'chinese'),
(568, 'Zupa pomidorowa z makaronem', 'eiusmod tempor', 0, 'french'),
(569, 'Kotlet schabowy z ziemniakami', 'aliqua ut', 0, 'american'),
(570, 'Kotlet mielony z puree ziemniaczanym', 'dolor sit amet', 0, 'thai'),
(571, 'Krewetki w sosie pomidorowym', 'incididunt ut', 0, 'thai'),
(572, 'Kotlet schabowy z ziemniakami', 'labore et', 0, 'italian'),
(573, 'Kaczka pieczona z jabłkami', 'dolor sit amet', 0, 'indian'),
(574, 'Kaczka pieczona z jabłkami', 'consectetur adipiscing', 0, 'french'),
(575, 'Ryba po grecku', 'enim ad', 0, 'mexican'),
(576, 'Sałatka grecka', 'consectetur adipiscing', 0, 'indian'),
(577, 'Sałatka grecka', 'lorem ipsum', 0, 'chinese'),
(578, 'Sałatka grecka', 'eiusmod tempor', 0, 'french'),
(579, 'Zupa pomidorowa z makaronem', 'consectetur adipiscing', 0, 'french'),
(580, 'Spaghetti carbonara', 'eiusmod tempor', 0, 'french'),
(581, 'Krewetki w sosie pomidorowym', 'elit sed do', 0, 'thai'),
(582, 'Ryba po grecku', 'aliqua ut', 0, 'french'),
(583, 'Pierogi z mięsem', 'labore et', 0, 'indian'),
(584, 'Kotlet mielony z puree ziemniaczanym', 'consectetur adipiscing', 0, 'indian'),
(585, 'Kaczka pieczona z jabłkami', 'dolor sit amet', 0, 'thai'),
(586, 'Sałatka grecka', 'elit sed do', 0, 'thai'),
(587, 'Kaczka pieczona z jabłkami', 'minim veniam', 0, 'greek'),
(588, 'Krewetki w sosie pomidorowym', 'minim veniam', 0, 'italian'),
(589, 'Spaghetti carbonara', 'dolor sit amet', 0, 'french'),
(590, 'Sałatka grecka', 'incididunt ut', 0, 'french'),
(591, 'Kaczka pieczona z jabłkami', 'aliqua ut', 0, 'american'),
(592, 'Sałatka grecka', 'dolor sit amet', 0, 'french'),
(593, 'Kotlet mielony z puree ziemniaczanym', 'enim ad', 0, 'italian'),
(594, 'Zupa pomidorowa z makaronem', 'dolore magna', 0, 'thai'),
(595, 'Zupa pomidorowa z makaronem', 'dolor sit amet', 0, 'indian'),
(596, 'Krewetki w sosie pomidorowym', 'consectetur adipiscing', 0, 'greek'),
(597, 'Spaghetti carbonara', 'dolore magna', 0, 'chinese'),
(598, 'Pierogi z mięsem', 'elit sed do', 0, 'indian'),
(599, 'Spaghetti carbonara', 'enim ad', 0, 'american'),
(600, 'Kaczka pieczona z jabłkami', 'lorem ipsum', 0, 'french'),
(601, 'Kotlet schabowy z ziemniakami', 'minim veniam', 0, 'american'),
(602, 'Kotlet mielony z puree ziemniaczanym', 'dolor sit amet', 0, 'italian'),
(603, 'Krewetki w sosie pomidorowym', 'labore et', 0, 'italian'),
(604, 'Kotlet schabowy z ziemniakami', 'consectetur adipiscing', 0, 'french'),
(605, 'Ryba po grecku', 'consectetur adipiscing', 0, 'mediterranean'),
(606, 'Ryba po grecku', 'consectetur adipiscing', 0, 'indian'),
(607, 'Spaghetti carbonara', 'eiusmod tempor', 0, 'chinese'),
(608, 'Kaczka pieczona z jabłkami', 'incididunt ut', 0, 'italian'),
(609, 'Kurczak curry z ryżem', 'enim ad', 0, 'japanese');
INSERT INTO `dania` (`id`, `nazwa_dania`, `opis`, `wegetarianskie`, `kuchnia`) VALUES
(610, 'Zupa pomidorowa z makaronem', 'dolor sit amet', 0, 'indian'),
(611, 'Spaghetti carbonara', 'elit sed do', 0, 'mediterranean'),
(612, 'Kotlet mielony z puree ziemniaczanym', 'aliqua ut', 0, 'indian'),
(613, 'Ryba po grecku', 'labore et', 0, 'italian'),
(614, 'Ryba po grecku', 'minim veniam', 0, 'american'),
(615, 'Pierogi z mięsem', 'eiusmod tempor', 0, 'french'),
(616, 'Kurczak curry z ryżem', 'enim ad', 0, 'mexican'),
(617, 'Sałatka grecka', 'elit sed do', 0, 'greek'),
(618, 'Kotlet mielony z puree ziemniaczanym', 'lorem ipsum', 0, 'chinese'),
(619, 'Pierogi z mięsem', 'dolor sit amet', 0, 'indian'),
(620, 'Ryba po grecku', 'incididunt ut', 0, 'chinese'),
(621, 'Ryba po grecku', 'consectetur adipiscing', 0, 'thai'),
(622, 'Ryba po grecku', 'dolore magna', 0, 'japanese'),
(623, 'Ryba po grecku', 'dolore magna', 0, 'french'),
(624, 'Ryba po grecku', 'lorem ipsum', 0, 'italian'),
(625, 'Kotlet mielony z puree ziemniaczanym', 'dolor sit amet', 0, 'mediterranean'),
(626, 'Kaczka pieczona z jabłkami', 'consectetur adipiscing', 0, 'chinese'),
(627, 'Krewetki w sosie pomidorowym', 'elit sed do', 0, 'greek'),
(628, 'Sałatka grecka', 'minim veniam', 0, 'chinese'),
(629, 'Spaghetti carbonara', 'labore et', 0, 'italian'),
(630, 'Kotlet schabowy z ziemniakami', 'enim ad', 0, 'greek'),
(631, 'Ryba po grecku', 'aliqua ut', 0, 'greek'),
(632, 'Pierogi z mięsem', 'consectetur adipiscing', 0, 'chinese'),
(633, 'Kotlet mielony z puree ziemniaczanym', 'dolor sit amet', 0, 'japanese'),
(634, 'Sałatka grecka', 'labore et', 0, 'indian'),
(635, 'Krewetki w sosie pomidorowym', 'labore et', 0, 'thai'),
(636, 'Ryba po grecku', 'labore et', 0, 'japanese'),
(637, 'Krewetki w sosie pomidorowym', 'dolore magna', 0, 'chinese'),
(638, 'Pierogi z mięsem', 'incididunt ut', 0, 'french'),
(639, 'Pierogi z mięsem', 'aliqua ut', 0, 'mediterranean'),
(640, 'Kurczak curry z ryżem', 'lorem ipsum', 0, 'mexican'),
(641, 'Kaczka pieczona z jabłkami', 'consectetur adipiscing', 0, 'american'),
(642, 'Sałatka grecka', 'eiusmod tempor', 0, 'chinese'),
(643, 'Zupa pomidorowa z makaronem', 'elit sed do', 0, 'french'),
(644, 'Pierogi z mięsem', 'lorem ipsum', 0, 'greek'),
(645, 'Zupa pomidorowa z makaronem', 'aliqua ut', 0, 'chinese'),
(646, 'Ryba po grecku', 'labore et', 0, 'mediterranean'),
(647, 'Spaghetti carbonara', 'dolore magna', 0, 'mexican'),
(648, 'Krewetki w sosie pomidorowym', 'incididunt ut', 0, 'american'),
(649, 'Krewetki w sosie pomidorowym', 'incididunt ut', 0, 'indian'),
(650, 'Ryba po grecku', 'labore et', 0, 'french'),
(651, 'Kurczak curry z ryżem', 'elit sed do', 0, 'american'),
(652, 'Pierogi z mięsem', 'dolore magna', 0, 'italian'),
(653, 'Kotlet schabowy z ziemniakami', 'lorem ipsum', 0, 'indian'),
(654, 'Kaczka pieczona z jabłkami', 'elit sed do', 0, 'mexican'),
(655, 'Sałatka grecka', 'eiusmod tempor', 0, 'italian'),
(656, 'Ryba po grecku', 'labore et', 0, 'french'),
(657, 'Sałatka grecka', 'elit sed do', 0, 'mexican'),
(658, 'Krewetki w sosie pomidorowym', 'dolore magna', 0, 'mediterranean'),
(659, 'Kurczak curry z ryżem', 'enim ad', 0, 'french'),
(660, 'Kotlet schabowy z ziemniakami', 'labore et', 0, 'chinese'),
(661, 'Kotlet schabowy z ziemniakami', 'labore et', 0, 'mexican'),
(662, 'Kotlet mielony z puree ziemniaczanym', 'lorem ipsum', 0, 'american'),
(663, 'Spaghetti carbonara', 'consectetur adipiscing', 0, 'italian'),
(664, 'Ryba po grecku', 'elit sed do', 0, 'thai'),
(665, 'Kotlet schabowy z ziemniakami', 'dolor sit amet', 0, 'french'),
(666, 'Sałatka grecka', 'eiusmod tempor', 0, 'japanese'),
(667, 'Kotlet schabowy z ziemniakami', 'minim veniam', 0, 'japanese'),
(668, 'Spaghetti carbonara', 'incididunt ut', 0, 'american'),
(669, 'Kotlet schabowy z ziemniakami', 'enim ad', 0, 'italian'),
(670, 'Spaghetti carbonara', 'labore et', 0, 'mediterranean'),
(671, 'Pierogi z mięsem', 'consectetur adipiscing', 0, 'italian'),
(672, 'Zupa pomidorowa z makaronem', 'minim veniam', 0, 'japanese'),
(673, 'Krewetki w sosie pomidorowym', 'dolore magna', 0, 'thai'),
(674, 'Kurczak curry z ryżem', 'dolore magna', 0, 'greek'),
(675, 'Sałatka grecka', 'incididunt ut', 0, 'indian'),
(676, 'Pierogi z mięsem', 'lorem ipsum', 0, 'chinese'),
(677, 'Kotlet mielony z puree ziemniaczanym', 'dolore magna', 0, 'american'),
(678, 'Kaczka pieczona z jabłkami', 'dolore magna', 0, 'italian'),
(679, 'Krewetki w sosie pomidorowym', 'consectetur adipiscing', 0, 'indian'),
(680, 'Kotlet mielony z puree ziemniaczanym', 'labore et', 0, 'indian'),
(681, 'Krewetki w sosie pomidorowym', 'incididunt ut', 0, 'greek'),
(682, 'Ryba po grecku', 'minim veniam', 0, 'italian'),
(683, 'Kotlet mielony z puree ziemniaczanym', 'enim ad', 0, 'greek'),
(684, 'Sałatka grecka', 'enim ad', 0, 'thai'),
(685, 'Kotlet mielony z puree ziemniaczanym', 'incididunt ut', 0, 'mediterranean'),
(686, 'Spaghetti carbonara', 'aliqua ut', 0, 'french'),
(687, 'Kurczak curry z ryżem', 'consectetur adipiscing', 0, 'greek'),
(688, 'Krewetki w sosie pomidorowym', 'lorem ipsum', 0, 'mexican'),
(689, 'Ryba po grecku', 'elit sed do', 0, 'american'),
(690, 'Kaczka pieczona z jabłkami', 'incididunt ut', 0, 'mediterranean'),
(691, 'Kotlet schabowy z ziemniakami', 'eiusmod tempor', 0, 'greek'),
(692, 'Sałatka grecka', 'minim veniam', 0, 'italian'),
(693, 'Kotlet mielony z puree ziemniaczanym', 'minim veniam', 0, 'greek'),
(694, 'Ryba po grecku', 'labore et', 0, 'greek'),
(695, 'Kurczak curry z ryżem', 'eiusmod tempor', 0, 'indian'),
(696, 'Zupa pomidorowa z makaronem', 'lorem ipsum', 0, 'french'),
(697, 'Kaczka pieczona z jabłkami', 'minim veniam', 0, 'chinese'),
(698, 'Kaczka pieczona z jabłkami', 'minim veniam', 0, 'thai'),
(699, 'Kotlet mielony z puree ziemniaczanym', 'dolor sit amet', 0, 'thai'),
(700, 'Sałatka grecka', 'aliqua ut', 0, 'greek'),
(701, 'Krewetki w sosie pomidorowym', 'incididunt ut', 0, 'italian'),
(702, 'Pierogi z mięsem', 'consectetur adipiscing', 0, 'indian'),
(703, 'Ryba po grecku', 'dolor sit amet', 0, 'mexican'),
(704, 'Kotlet schabowy z ziemniakami', 'dolor sit amet', 0, 'greek'),
(705, 'Ryba po grecku', 'dolore magna', 0, 'mediterranean'),
(706, 'Kotlet mielony z puree ziemniaczanym', 'aliqua ut', 0, 'japanese'),
(707, 'Kotlet mielony z puree ziemniaczanym', 'minim veniam', 0, 'italian'),
(708, 'Kotlet schabowy z ziemniakami', 'aliqua ut', 0, 'mediterranean'),
(709, 'Pierogi z mięsem', 'eiusmod tempor', 0, 'italian'),
(710, 'Zupa pomidorowa z makaronem', 'dolore magna', 0, 'mediterranean'),
(711, 'Zupa pomidorowa z makaronem', 'lorem ipsum', 0, 'mexican'),
(712, 'Kotlet mielony z puree ziemniaczanym', 'labore et', 0, 'indian'),
(713, 'Zupa pomidorowa z makaronem', 'enim ad', 0, 'indian'),
(714, 'Kotlet mielony z puree ziemniaczanym', 'enim ad', 0, 'indian'),
(715, 'Sałatka grecka', 'dolor sit amet', 0, 'mediterranean'),
(716, 'Zupa pomidorowa z makaronem', 'consectetur adipiscing', 0, 'french'),
(717, 'Kotlet schabowy z ziemniakami', 'lorem ipsum', 0, 'italian'),
(718, 'Spaghetti carbonara', 'enim ad', 0, 'chinese'),
(719, 'Zupa pomidorowa z makaronem', 'incididunt ut', 0, 'greek'),
(720, 'Ryba po grecku', 'labore et', 0, 'mexican'),
(721, 'Kaczka pieczona z jabłkami', 'dolore magna', 0, 'american'),
(722, 'Zupa pomidorowa z makaronem', 'minim veniam', 0, 'mediterranean'),
(723, 'Ryba po grecku', 'minim veniam', 0, 'thai'),
(724, 'Zupa pomidorowa z makaronem', 'eiusmod tempor', 0, 'chinese'),
(725, 'Sałatka grecka', 'consectetur adipiscing', 0, 'indian'),
(726, 'Kaczka pieczona z jabłkami', 'enim ad', 0, 'greek'),
(727, 'Kotlet schabowy z ziemniakami', 'aliqua ut', 0, 'french'),
(728, 'Kurczak curry z ryżem', 'consectetur adipiscing', 0, 'italian'),
(729, 'Kurczak curry z ryżem', 'aliqua ut', 0, 'mexican'),
(730, 'Kurczak curry z ryżem', 'lorem ipsum', 0, 'mexican'),
(731, 'Zupa pomidorowa z makaronem', 'labore et', 0, 'italian'),
(732, 'Sałatka grecka', 'minim veniam', 0, 'mexican'),
(733, 'Kotlet mielony z puree ziemniaczanym', 'dolor sit amet', 0, 'greek'),
(734, 'Kurczak curry z ryżem', 'dolor sit amet', 0, 'chinese'),
(735, 'Spaghetti carbonara', 'dolor sit amet', 0, 'american'),
(736, 'Kotlet mielony z puree ziemniaczanym', 'labore et', 0, 'indian'),
(737, 'Spaghetti carbonara', 'incididunt ut', 0, 'japanese'),
(738, 'Kaczka pieczona z jabłkami', 'dolore magna', 0, 'japanese'),
(739, 'Pierogi z mięsem', 'dolore magna', 0, 'indian'),
(740, 'Kurczak curry z ryżem', 'lorem ipsum', 0, 'american'),
(741, 'Krewetki w sosie pomidorowym', 'enim ad', 0, 'chinese'),
(742, 'Kotlet mielony z puree ziemniaczanym', 'consectetur adipiscing', 0, 'japanese'),
(743, 'Ryba po grecku', 'incididunt ut', 0, 'chinese'),
(744, 'Kurczak curry z ryżem', 'elit sed do', 0, 'french'),
(745, 'Krewetki w sosie pomidorowym', 'consectetur adipiscing', 0, 'greek'),
(746, 'Zupa pomidorowa z makaronem', 'elit sed do', 0, 'greek'),
(747, 'Kotlet schabowy z ziemniakami', 'incididunt ut', 0, 'indian'),
(748, 'Pierogi z mięsem', 'dolor sit amet', 0, 'american'),
(749, 'Pierogi z mięsem', 'dolore magna', 0, 'american'),
(750, 'Ryba po grecku', 'incididunt ut', 0, 'chinese'),
(751, 'Kotlet schabowy z ziemniakami', 'consectetur adipiscing', 0, 'mediterranean'),
(752, 'Kotlet schabowy z ziemniakami', 'eiusmod tempor', 0, 'chinese'),
(753, 'Kaczka pieczona z jabłkami', 'dolore magna', 0, 'italian'),
(754, 'Pierogi z mięsem', 'dolore magna', 0, 'greek'),
(755, 'Krewetki w sosie pomidorowym', 'labore et', 0, 'thai'),
(756, 'Kaczka pieczona z jabłkami', 'labore et', 0, 'american'),
(757, 'Kurczak curry z ryżem', 'dolor sit amet', 0, 'indian'),
(758, 'Ryba po grecku', 'minim veniam', 0, 'french'),
(759, 'Zupa pomidorowa z makaronem', 'labore et', 0, 'indian'),
(760, 'Sałatka grecka', 'dolor sit amet', 0, 'mediterranean'),
(761, 'Kaczka pieczona z jabłkami', 'consectetur adipiscing', 0, 'american'),
(762, 'Ryba po grecku', 'dolore magna', 0, 'mexican'),
(763, 'Kotlet mielony z puree ziemniaczanym', 'elit sed do', 0, 'mediterranean'),
(764, 'Kaczka pieczona z jabłkami', 'eiusmod tempor', 0, 'american'),
(765, 'Krewetki w sosie pomidorowym', 'incididunt ut', 0, 'italian'),
(766, 'Zupa pomidorowa z makaronem', 'lorem ipsum', 0, 'thai'),
(767, 'Kaczka pieczona z jabłkami', 'labore et', 0, 'american'),
(768, 'Sałatka grecka', 'lorem ipsum', 0, 'thai'),
(769, 'Kotlet schabowy z ziemniakami', 'elit sed do', 0, 'indian'),
(770, 'Kaczka pieczona z jabłkami', 'dolore magna', 0, 'italian'),
(771, 'Kurczak curry z ryżem', 'dolor sit amet', 0, 'greek'),
(772, 'Ryba po grecku', 'enim ad', 0, 'greek'),
(773, 'Kaczka pieczona z jabłkami', 'consectetur adipiscing', 0, 'american'),
(774, 'Kotlet mielony z puree ziemniaczanym', 'incididunt ut', 0, 'french'),
(775, 'Pierogi z mięsem', 'aliqua ut', 0, 'italian'),
(776, 'Spaghetti carbonara', 'consectetur adipiscing', 0, 'greek'),
(777, 'Krewetki w sosie pomidorowym', 'dolore magna', 0, 'italian'),
(778, 'Kotlet schabowy z ziemniakami', 'labore et', 0, 'indian'),
(779, 'Krewetki w sosie pomidorowym', 'dolor sit amet', 0, 'thai'),
(780, 'Kotlet schabowy z ziemniakami', 'minim veniam', 0, 'mediterranean'),
(781, 'Pierogi z mięsem', 'aliqua ut', 0, 'french'),
(782, 'Krewetki w sosie pomidorowym', 'eiusmod tempor', 0, 'mediterranean'),
(783, 'Kaczka pieczona z jabłkami', 'eiusmod tempor', 0, 'japanese'),
(784, 'Spaghetti carbonara', 'aliqua ut', 0, 'french'),
(785, 'Spaghetti carbonara', 'consectetur adipiscing', 0, 'mexican'),
(786, 'Kotlet schabowy z ziemniakami', 'incididunt ut', 0, 'japanese'),
(787, 'Kaczka pieczona z jabłkami', 'lorem ipsum', 0, 'greek'),
(788, 'Sałatka grecka', 'minim veniam', 0, 'thai'),
(789, 'Krewetki w sosie pomidorowym', 'eiusmod tempor', 0, 'indian'),
(790, 'Kurczak curry z ryżem', 'eiusmod tempor', 0, 'mediterranean'),
(791, 'Kaczka pieczona z jabłkami', 'labore et', 0, 'mexican'),
(792, 'Kotlet mielony z puree ziemniaczanym', 'elit sed do', 0, 'greek'),
(793, 'Kaczka pieczona z jabłkami', 'aliqua ut', 0, 'mediterranean'),
(794, 'Spaghetti carbonara', 'aliqua ut', 0, 'italian'),
(795, 'Kotlet schabowy z ziemniakami', 'dolor sit amet', 0, 'american'),
(796, 'Kaczka pieczona z jabłkami', 'consectetur adipiscing', 0, 'french'),
(797, 'Krewetki w sosie pomidorowym', 'elit sed do', 0, 'mediterranean'),
(798, 'Pierogi z mięsem', 'lorem ipsum', 0, 'indian'),
(799, 'Sałatka grecka', 'lorem ipsum', 0, 'chinese'),
(800, 'Zupa pomidorowa z makaronem', 'aliqua ut', 0, 'mexican'),
(801, 'Kaczka pieczona z jabłkami', 'enim ad', 0, 'thai'),
(802, 'Sałatka grecka', 'incididunt ut', 0, 'thai'),
(803, 'Kotlet schabowy z ziemniakami', 'eiusmod tempor', 0, 'mediterranean'),
(804, 'Ryba po grecku', 'aliqua ut', 0, 'french'),
(805, 'Krewetki w sosie pomidorowym', 'consectetur adipiscing', 0, 'mediterranean'),
(806, 'Kotlet mielony z puree ziemniaczanym', 'dolor sit amet', 0, 'greek'),
(807, 'Spaghetti carbonara', 'elit sed do', 0, 'chinese'),
(808, 'Kotlet mielony z puree ziemniaczanym', 'dolor sit amet', 0, 'indian'),
(809, 'Kotlet schabowy z ziemniakami', 'enim ad', 0, 'japanese'),
(810, 'Krewetki w sosie pomidorowym', 'minim veniam', 0, 'french'),
(811, 'Kaczka pieczona z jabłkami', 'minim veniam', 0, 'chinese'),
(812, 'Kotlet mielony z puree ziemniaczanym', 'lorem ipsum', 0, 'greek'),
(813, 'Sałatka grecka', 'consectetur adipiscing', 0, 'indian'),
(814, 'Krewetki w sosie pomidorowym', 'lorem ipsum', 0, 'french'),
(815, 'Spaghetti carbonara', 'aliqua ut', 0, 'mediterranean'),
(816, 'Pierogi z mięsem', 'eiusmod tempor', 0, 'mexican'),
(817, 'Kotlet mielony z puree ziemniaczanym', 'incididunt ut', 0, 'french'),
(818, 'Pierogi z mięsem', 'dolor sit amet', 0, 'chinese'),
(819, 'Spaghetti carbonara', 'labore et', 0, 'greek'),
(820, 'Sałatka grecka', 'minim veniam', 0, 'french'),
(821, 'Ryba po grecku', 'eiusmod tempor', 0, 'japanese'),
(822, 'Krewetki w sosie pomidorowym', 'incididunt ut', 0, 'american'),
(823, 'Pierogi z mięsem', 'dolor sit amet', 0, 'mexican'),
(824, 'Zupa pomidorowa z makaronem', 'lorem ipsum', 0, 'thai'),
(825, 'Kurczak curry z ryżem', 'incididunt ut', 0, 'american'),
(826, 'Kotlet schabowy z ziemniakami', 'elit sed do', 0, 'chinese'),
(827, 'Kotlet schabowy z ziemniakami', 'aliqua ut', 0, 'chinese'),
(828, 'Ryba po grecku', 'minim veniam', 0, 'indian'),
(829, 'Spaghetti carbonara', 'minim veniam', 0, 'mediterranean'),
(830, 'Sałatka grecka', 'dolor sit amet', 0, 'japanese'),
(831, 'Zupa pomidorowa z makaronem', 'aliqua ut', 0, 'japanese'),
(832, 'Spaghetti carbonara', 'elit sed do', 0, 'french'),
(833, 'Pierogi z mięsem', 'incididunt ut', 0, 'mexican'),
(834, 'Pierogi z mięsem', 'eiusmod tempor', 0, 'chinese'),
(835, 'Pierogi z mięsem', 'elit sed do', 0, 'mexican'),
(836, 'Kotlet mielony z puree ziemniaczanym', 'aliqua ut', 0, 'italian'),
(837, 'Krewetki w sosie pomidorowym', 'minim veniam', 0, 'mediterranean'),
(838, 'Kotlet mielony z puree ziemniaczanym', 'labore et', 0, 'indian'),
(839, 'Zupa pomidorowa z makaronem', 'eiusmod tempor', 0, 'mediterranean'),
(840, 'Pierogi z mięsem', 'elit sed do', 0, 'mexican'),
(841, 'Ryba po grecku', 'lorem ipsum', 0, 'thai'),
(842, 'Kotlet schabowy z ziemniakami', 'dolore magna', 0, 'thai'),
(843, 'Kotlet schabowy z ziemniakami', 'aliqua ut', 0, 'chinese'),
(844, 'Spaghetti carbonara', 'lorem ipsum', 0, 'thai'),
(845, 'Kotlet schabowy z ziemniakami', 'dolore magna', 0, 'mediterranean'),
(846, 'Kaczka pieczona z jabłkami', 'consectetur adipiscing', 0, 'french'),
(847, 'Kotlet mielony z puree ziemniaczanym', 'labore et', 0, 'thai'),
(848, 'Kotlet schabowy z ziemniakami', 'minim veniam', 0, 'italian'),
(849, 'Sałatka grecka', 'dolor sit amet', 0, 'thai'),
(850, 'Pierogi z mięsem', 'minim veniam', 0, 'american'),
(851, 'Zupa pomidorowa z makaronem', 'incididunt ut', 0, 'american'),
(852, 'Spaghetti carbonara', 'consectetur adipiscing', 0, 'american'),
(853, 'Kotlet schabowy z ziemniakami', 'dolor sit amet', 0, 'italian'),
(854, 'Sałatka grecka', 'dolor sit amet', 0, 'greek'),
(855, 'Pierogi z mięsem', 'dolore magna', 0, 'chinese'),
(856, 'Zupa pomidorowa z makaronem', 'labore et', 0, 'mediterranean'),
(857, 'Ryba po grecku', 'incididunt ut', 0, 'japanese'),
(858, 'Ryba po grecku', 'labore et', 0, 'mexican'),
(859, 'Spaghetti carbonara', 'aliqua ut', 0, 'indian'),
(860, 'Kurczak curry z ryżem', 'minim veniam', 0, 'japanese'),
(861, 'Kotlet mielony z puree ziemniaczanym', 'dolor sit amet', 0, 'japanese'),
(862, 'Kotlet mielony z puree ziemniaczanym', 'enim ad', 0, 'italian'),
(863, 'Kaczka pieczona z jabłkami', 'eiusmod tempor', 0, 'japanese'),
(864, 'Kotlet schabowy z ziemniakami', 'consectetur adipiscing', 0, 'american'),
(865, 'Pierogi z mięsem', 'elit sed do', 0, 'mediterranean'),
(866, 'Ryba po grecku', 'eiusmod tempor', 0, 'chinese'),
(867, 'Kotlet mielony z puree ziemniaczanym', 'dolore magna', 0, 'mexican'),
(868, 'Spaghetti carbonara', 'minim veniam', 0, 'mediterranean'),
(869, 'Kaczka pieczona z jabłkami', 'lorem ipsum', 0, 'greek'),
(870, 'Ryba po grecku', 'incididunt ut', 0, 'thai'),
(871, 'Ryba po grecku', 'consectetur adipiscing', 0, 'japanese'),
(872, 'Krewetki w sosie pomidorowym', 'minim veniam', 0, 'thai'),
(873, 'Kaczka pieczona z jabłkami', 'eiusmod tempor', 0, 'french'),
(874, 'Kaczka pieczona z jabłkami', 'eiusmod tempor', 0, 'greek'),
(875, 'Sałatka grecka', 'dolore magna', 0, 'italian'),
(876, 'Krewetki w sosie pomidorowym', 'aliqua ut', 0, 'indian'),
(877, 'Zupa pomidorowa z makaronem', 'dolor sit amet', 0, 'greek'),
(878, 'Pierogi z mięsem', 'incididunt ut', 0, 'italian'),
(879, 'Zupa pomidorowa z makaronem', 'dolor sit amet', 0, 'mexican'),
(880, 'Pierogi z mięsem', 'elit sed do', 0, 'mediterranean'),
(881, 'Kotlet mielony z puree ziemniaczanym', 'elit sed do', 0, 'italian'),
(882, 'Pierogi z mięsem', 'labore et', 0, 'chinese'),
(883, 'Zupa pomidorowa z makaronem', 'lorem ipsum', 0, 'french'),
(884, 'Ryba po grecku', 'incididunt ut', 0, 'mediterranean'),
(885, 'Kotlet mielony z puree ziemniaczanym', 'labore et', 0, 'italian'),
(886, 'Zupa pomidorowa z makaronem', 'eiusmod tempor', 0, 'french'),
(887, 'Pierogi z mięsem', 'eiusmod tempor', 0, 'japanese'),
(888, 'Ryba po grecku', 'consectetur adipiscing', 0, 'thai'),
(889, 'Kaczka pieczona z jabłkami', 'lorem ipsum', 0, 'chinese'),
(890, 'Kaczka pieczona z jabłkami', 'aliqua ut', 0, 'french'),
(891, 'Kaczka pieczona z jabłkami', 'dolore magna', 0, 'greek'),
(892, 'Kotlet schabowy z ziemniakami', 'dolor sit amet', 0, 'american'),
(893, 'Zupa pomidorowa z makaronem', 'consectetur adipiscing', 0, 'american'),
(894, 'Sałatka grecka', 'elit sed do', 0, 'mexican'),
(895, 'Ryba po grecku', 'dolore magna', 0, 'american'),
(896, 'Ryba po grecku', 'incididunt ut', 0, 'japanese'),
(897, 'Spaghetti carbonara', 'elit sed do', 0, 'french'),
(898, 'Kurczak curry z ryżem', 'consectetur adipiscing', 0, 'indian'),
(899, 'Kotlet mielony z puree ziemniaczanym', 'dolor sit amet', 0, 'greek'),
(900, 'Spaghetti carbonara', 'labore et', 0, 'mediterranean'),
(901, 'Spaghetti carbonara', 'dolore magna', 0, 'italian'),
(902, 'Kotlet schabowy z ziemniakami', 'consectetur adipiscing', 0, 'greek'),
(903, 'Ryba po grecku', 'incididunt ut', 0, 'italian'),
(904, 'Spaghetti carbonara', 'consectetur adipiscing', 0, 'mediterranean'),
(905, 'Zupa pomidorowa z makaronem', 'aliqua ut', 0, 'chinese'),
(906, 'Spaghetti carbonara', 'dolor sit amet', 0, 'indian'),
(907, 'Ryba po grecku', 'enim ad', 0, 'greek'),
(908, 'Kotlet schabowy z ziemniakami', 'aliqua ut', 0, 'indian'),
(909, 'Pierogi z mięsem', 'minim veniam', 0, 'thai'),
(910, 'Kotlet schabowy z ziemniakami', 'minim veniam', 0, 'thai'),
(911, 'Kotlet schabowy z ziemniakami', 'enim ad', 0, 'french'),
(912, 'Sałatka grecka', 'incididunt ut', 0, 'indian'),
(913, 'Ryba po grecku', 'enim ad', 0, 'italian'),
(914, 'Kurczak curry z ryżem', 'minim veniam', 0, 'greek'),
(915, 'Zupa pomidorowa z makaronem', 'aliqua ut', 0, 'mexican'),
(916, 'Pierogi z mięsem', 'eiusmod tempor', 0, 'japanese'),
(917, 'Spaghetti carbonara', 'consectetur adipiscing', 0, 'chinese'),
(918, 'Zupa pomidorowa z makaronem', 'eiusmod tempor', 0, 'chinese'),
(919, 'Kurczak curry z ryżem', 'incididunt ut', 0, 'mediterranean'),
(920, 'Kotlet mielony z puree ziemniaczanym', 'elit sed do', 0, 'american'),
(921, 'Zupa pomidorowa z makaronem', 'dolore magna', 0, 'french'),
(922, 'Kaczka pieczona z jabłkami', 'aliqua ut', 0, 'greek'),
(923, 'Kotlet mielony z puree ziemniaczanym', 'dolor sit amet', 0, 'greek'),
(924, 'Kurczak curry z ryżem', 'aliqua ut', 0, 'greek'),
(925, 'Spaghetti carbonara', 'eiusmod tempor', 0, 'thai'),
(926, 'Kotlet schabowy z ziemniakami', 'enim ad', 0, 'japanese'),
(927, 'Spaghetti carbonara', 'elit sed do', 0, 'american'),
(928, 'Kotlet schabowy z ziemniakami', 'labore et', 0, 'mediterranean'),
(929, 'Sałatka grecka', 'consectetur adipiscing', 0, 'french'),
(930, 'Ryba po grecku', 'lorem ipsum', 0, 'mediterranean'),
(931, 'Kaczka pieczona z jabłkami', 'lorem ipsum', 0, 'greek'),
(932, 'Kotlet mielony z puree ziemniaczanym', 'incididunt ut', 0, 'italian'),
(933, 'Krewetki w sosie pomidorowym', 'aliqua ut', 0, 'indian'),
(934, 'Kurczak curry z ryżem', 'incididunt ut', 0, 'italian'),
(935, 'Kotlet mielony z puree ziemniaczanym', 'dolore magna', 0, 'american'),
(936, 'Ryba po grecku', 'lorem ipsum', 0, 'japanese'),
(937, 'Spaghetti carbonara', 'consectetur adipiscing', 0, 'thai'),
(938, 'Pierogi z mięsem', 'minim veniam', 0, 'japanese'),
(939, 'Zupa pomidorowa z makaronem', 'incididunt ut', 0, 'italian'),
(940, 'Kurczak curry z ryżem', 'dolor sit amet', 0, 'chinese'),
(941, 'Ryba po grecku', 'incididunt ut', 0, 'thai'),
(942, 'Sałatka grecka', 'consectetur adipiscing', 0, 'japanese'),
(943, 'Kotlet schabowy z ziemniakami', 'lorem ipsum', 0, 'indian'),
(944, 'Kotlet schabowy z ziemniakami', 'lorem ipsum', 0, 'italian'),
(945, 'Pierogi z mięsem', 'eiusmod tempor', 0, 'italian'),
(946, 'Zupa pomidorowa z makaronem', 'elit sed do', 0, 'greek'),
(947, 'Kaczka pieczona z jabłkami', 'aliqua ut', 0, 'american'),
(948, 'Zupa pomidorowa z makaronem', 'incididunt ut', 0, 'mexican'),
(949, 'Kotlet schabowy z ziemniakami', 'incididunt ut', 0, 'american'),
(950, 'Kurczak curry z ryżem', 'minim veniam', 0, 'mexican'),
(951, 'Krewetki w sosie pomidorowym', 'dolor sit amet', 0, 'japanese'),
(952, 'Zupa pomidorowa z makaronem', 'lorem ipsum', 0, 'italian'),
(953, 'Sałatka grecka', 'dolore magna', 0, 'american'),
(954, 'Pierogi z mięsem', 'lorem ipsum', 0, 'indian'),
(955, 'Zupa pomidorowa z makaronem', 'dolor sit amet', 0, 'american'),
(956, 'Sałatka grecka', 'dolore magna', 0, 'japanese'),
(957, 'Kotlet mielony z puree ziemniaczanym', 'minim veniam', 0, 'greek'),
(958, 'Spaghetti carbonara', 'dolor sit amet', 0, 'american'),
(959, 'Kotlet schabowy z ziemniakami', 'dolor sit amet', 0, 'indian'),
(960, 'Spaghetti carbonara', 'dolore magna', 0, 'italian'),
(961, 'Kotlet schabowy z ziemniakami', 'minim veniam', 0, 'thai'),
(962, 'Ryba po grecku', 'labore et', 0, 'chinese'),
(963, 'Zupa pomidorowa z makaronem', 'aliqua ut', 0, 'french'),
(964, 'Kurczak curry z ryżem', 'dolor sit amet', 0, 'chinese'),
(965, 'Sałatka grecka', 'lorem ipsum', 0, 'greek'),
(966, 'Pierogi z mięsem', 'eiusmod tempor', 0, 'italian'),
(967, 'Krewetki w sosie pomidorowym', 'minim veniam', 0, 'greek'),
(968, 'Pierogi z mięsem', 'elit sed do', 0, 'american'),
(969, 'Ryba po grecku', 'dolore magna', 0, 'thai'),
(970, 'Spaghetti carbonara', 'elit sed do', 0, 'mexican'),
(971, 'Kotlet schabowy z ziemniakami', 'minim veniam', 0, 'italian'),
(972, 'Pierogi z mięsem', 'enim ad', 0, 'american'),
(973, 'Pierogi z mięsem', 'dolore magna', 0, 'mexican'),
(974, 'Kurczak curry z ryżem', 'elit sed do', 0, 'italian'),
(975, 'Zupa pomidorowa z makaronem', 'consectetur adipiscing', 0, 'american'),
(976, 'Sałatka grecka', 'aliqua ut', 0, 'thai'),
(977, 'Kotlet mielony z puree ziemniaczanym', 'elit sed do', 0, 'thai'),
(978, 'Kaczka pieczona z jabłkami', 'consectetur adipiscing', 0, 'mexican'),
(979, 'Pierogi z mięsem', 'incididunt ut', 0, 'greek'),
(980, 'Zupa pomidorowa z makaronem', 'eiusmod tempor', 0, 'mediterranean'),
(981, 'Kotlet mielony z puree ziemniaczanym', 'minim veniam', 0, 'mediterranean'),
(982, 'Kotlet mielony z puree ziemniaczanym', 'minim veniam', 0, 'american'),
(983, 'Krewetki w sosie pomidorowym', 'consectetur adipiscing', 0, 'mediterranean'),
(984, 'Sałatka grecka', 'aliqua ut', 0, 'french'),
(985, 'Pierogi z mięsem', 'labore et', 0, 'italian'),
(986, 'Kotlet mielony z puree ziemniaczanym', 'minim veniam', 0, 'mexican'),
(987, 'Kotlet mielony z puree ziemniaczanym', 'minim veniam', 0, 'mexican'),
(988, 'Pierogi z mięsem', 'minim veniam', 0, 'american'),
(989, 'Kurczak curry z ryżem', 'consectetur adipiscing', 0, 'italian'),
(990, 'Kotlet mielony z puree ziemniaczanym', 'minim veniam', 0, 'thai'),
(991, 'Spaghetti carbonara', 'lorem ipsum', 0, 'italian'),
(992, 'Ryba po grecku', 'incididunt ut', 0, 'indian'),
(993, 'Kurczak curry z ryżem', 'elit sed do', 0, 'indian'),
(994, 'Kaczka pieczona z jabłkami', 'aliqua ut', 0, 'mediterranean'),
(995, 'Sałatka grecka', 'enim ad', 0, 'greek'),
(996, 'Kurczak curry z ryżem', 'incididunt ut', 0, 'chinese'),
(997, 'Kotlet schabowy z ziemniakami', 'enim ad', 0, 'mediterranean'),
(998, 'Kaczka pieczona z jabłkami', 'dolor sit amet', 0, 'french'),
(999, 'Kotlet mielony z puree ziemniaczanym', 'enim ad', 0, 'japanese'),
(1000, 'Kotlet schabowy z ziemniakami', 'dolore magna', 0, 'mediterranean'),
(1001, 'Zupa pomidorowa z makaronem', 'aliqua ut', 0, 'mediterranean'),
(1002, 'Spaghetti carbonara', 'eiusmod tempor', 0, 'american'),
(1003, 'Kurczak curry z ryżem', 'eiusmod tempor', 0, 'mexican'),
(1004, 'Kurczak curry z ryżem', 'enim ad', 0, 'greek'),
(1005, 'Spaghetti carbonara', 'aliqua ut', 0, 'mexican'),
(1006, 'Krewetki w sosie pomidorowym', 'consectetur adipiscing', 0, 'japanese'),
(1007, 'Kaczka pieczona z jabłkami', 'eiusmod tempor', 0, 'chinese'),
(1008, 'Krewetki w sosie pomidorowym', 'incididunt ut', 0, 'french'),
(1009, 'Kaczka pieczona z jabłkami', 'enim ad', 0, 'mediterranean'),
(1010, 'Spaghetti carbonara', 'dolor sit amet', 0, 'thai'),
(1011, 'Zupa pomidorowa z makaronem', 'enim ad', 0, 'italian'),
(1012, 'Kurczak curry z ryżem', 'elit sed do', 0, 'italian'),
(1013, 'Kotlet mielony z puree ziemniaczanym', 'minim veniam', 0, 'mediterranean'),
(1014, 'Kotlet schabowy z ziemniakami', 'labore et', 0, 'chinese'),
(1015, 'Spaghetti carbonara', 'elit sed do', 0, 'japanese'),
(1016, 'Krewetki w sosie pomidorowym', 'consectetur adipiscing', 0, 'mediterranean'),
(1017, 'Ryba po grecku', 'incididunt ut', 0, 'french'),
(1018, 'Sałatka grecka', 'dolor sit amet', 0, 'mexican'),
(1019, 'Krewetki w sosie pomidorowym', 'incididunt ut', 0, 'mediterranean'),
(1020, 'Kurczak curry z ryżem', 'enim ad', 0, 'thai'),
(1021, 'Kotlet mielony z puree ziemniaczanym', 'dolor sit amet', 0, 'indian'),
(1022, 'Kaczka pieczona z jabłkami', 'incididunt ut', 0, 'japanese'),
(1023, 'Sałatka grecka', 'aliqua ut', 0, 'mexican'),
(1024, 'Kurczak curry z ryżem', 'labore et', 0, 'japanese'),
(1025, 'Kurczak curry z ryżem', 'enim ad', 0, 'american'),
(1026, 'Ryba po grecku', 'incididunt ut', 0, 'mediterranean'),
(1027, 'Spaghetti carbonara', 'eiusmod tempor', 0, 'chinese'),
(1028, 'Kotlet mielony z puree ziemniaczanym', 'eiusmod tempor', 0, 'american'),
(1029, 'Zupa pomidorowa z makaronem', 'incididunt ut', 0, 'french'),
(1030, 'Kaczka pieczona z jabłkami', 'dolor sit amet', 0, 'american');

-- --------------------------------------------------------

--
-- Struktura tabeli dla tabeli `dania_skladniki`
--

CREATE TABLE `dania_skladniki` (
  `id_dania` int(11) NOT NULL,
  `id_skladniki` int(11) NOT NULL
) ENGINE=InnoDB DEFAULT CHARSET=utf8mb4 COLLATE=utf8mb4_general_ci;

--
-- Dumping data for table `dania_skladniki`
--

INSERT INTO `dania_skladniki` (`id_dania`, `id_skladniki`) VALUES
(1, 1),
(2, 1),
(3, 1),
(7, 1),
(9, 1),
(12, 1),
(14, 1),
(15, 1),
(16, 1),
(21, 1),
(23, 1),
(27, 1),
(29, 1),
(419, 1),
(13, 2),
(16, 2),
(20, 2),
(23, 2),
(24, 2),
(72, 2),
(16, 3),
(21, 3),
(23, 3),
(374, 3),
(16, 4),
(20, 4),
(21, 4),
(23, 4),
(24, 4),
(27, 4),
(3, 5),
(17, 5),
(238, 5),
(487, 5),
(667, 5),
(761, 5),
(782, 5),
(2, 6),
(17, 6),
(154, 6),
(1, 7),
(4, 7),
(7, 7),
(14, 7),
(15, 7),
(17, 7),
(30, 7),
(1012, 7),
(2, 8),
(5, 8),
(6, 8),
(8, 8),
(11, 8),
(13, 8),
(14, 8),
(17, 8),
(5, 9),
(6, 9),
(8, 9),
(11, 9),
(13, 9),
(17, 9),
(24, 9),
(27, 9),
(199, 9),
(669, 9),
(17, 10),
(30, 10),
(590, 10),
(18, 11),
(18, 12),
(873, 12),
(2, 13),
(3, 13),
(14, 13),
(18, 13),
(333, 13),
(969, 13),
(18, 14),
(269, 14),
(18, 15),
(267, 15),
(18, 16),
(213, 16),
(476, 16),
(20, 17),
(8, 18),
(10, 18),
(13, 18),
(18, 18),
(362, 18),
(19, 19),
(19, 20),
(911, 20),
(938, 20),
(19, 21),
(21, 21),
(461, 21),
(1, 22),
(2, 22),
(4, 22),
(7, 22),
(9, 22),
(10, 22),
(12, 22),
(14, 22),
(15, 22),
(19, 22),
(20, 22),
(21, 22),
(22, 22),
(25, 22),
(154, 22),
(248, 22),
(3, 23),
(6, 23),
(12, 23),
(19, 23),
(21, 23),
(28, 23),
(556, 23),
(20, 24),
(20, 25),
(660, 25),
(3, 26),
(4, 26),
(10, 26),
(20, 26),
(26, 26),
(111, 26),
(20, 27),
(23, 27),
(24, 27),
(27, 27),
(316, 27),
(964, 27),
(2, 28),
(9, 28),
(10, 28),
(11, 28),
(21, 28),
(40, 28),
(768, 28),
(21, 29),
(22, 30),
(60, 30),
(23, 31),
(24, 31),
(726, 31),
(1, 32),
(14, 32),
(23, 32),
(27, 32),
(294, 32),
(853, 32),
(3, 33),
(12, 33),
(13, 33),
(14, 33),
(15, 33),
(23, 33),
(27, 33),
(28, 33),
(59, 33),
(281, 33),
(914, 33),
(24, 34),
(236, 34),
(919, 34),
(1, 35),
(4, 35),
(7, 35),
(14, 35),
(15, 35),
(22, 35),
(25, 35),
(26, 35),
(27, 35),
(29, 35),
(5, 36),
(25, 36),
(393, 36),
(821, 36),
(25, 37),
(621, 37),
(4, 39),
(15, 39),
(25, 39),
(26, 39),
(25, 40),
(28, 40),
(26, 41),
(5, 42),
(27, 42),
(28, 42),
(560, 42),
(6, 43),
(209, 43),
(28, 44),
(28, 45),
(550, 45),
(14, 46),
(15, 46),
(28, 46),
(29, 47),
(45, 47),
(22, 48),
(29, 48),
(29, 49),
(619, 49),
(29, 50),
(29, 51),
(156, 51),
(29, 52),
(30, 53),
(338, 53),
(30, 54),
(396, 54),
(713, 54),
(30, 55),
(422, 55),
(1, 56),
(884, 56),
(1, 57),
(2, 58),
(4, 58),
(229, 58),
(501, 58),
(764, 58),
(5, 59),
(11, 59),
(12, 59),
(429, 59),
(11, 60),
(289, 60),
(378, 60),
(661, 60),
(3, 61),
(13, 61),
(1019, 61),
(5, 63),
(5, 64),
(229, 64),
(5, 65),
(13, 65),
(6, 66),
(1, 67),
(579, 67),
(8, 68),
(565, 68),
(8, 69),
(8, 70),
(11, 70),
(191, 70),
(8, 71),
(13, 71),
(657, 71),
(8, 72),
(78, 72),
(111, 72),
(143, 73),
(10, 74),
(11, 74),
(235, 74),
(10, 75),
(499, 75),
(12, 76),
(264, 76),
(365, 77),
(763, 77),
(3, 78),
(917, 78),
(49, 79),
(487, 79),
(15, 80),
(150, 80),
(158, 80),
(22, 81),
(22, 82),
(4, 83),
(971, 83),
(7, 84),
(367, 84),
(7, 85),
(697, 85),
(920, 85),
(46, 86),
(620, 86),
(136, 87),
(224, 87),
(112, 88),
(62, 89),
(364, 89),
(83, 91),
(298, 91),
(294, 92),
(431, 93),
(438, 93),
(874, 93),
(631, 94),
(605, 95),
(691, 95),
(917, 95),
(54, 96),
(793, 99),
(70, 102),
(1018, 102),
(306, 104),
(480, 104),
(555, 105),
(948, 105),
(901, 106),
(527, 108),
(857, 108),
(704, 109),
(931, 110),
(272, 112),
(490, 113),
(302, 116),
(697, 116),
(125, 117),
(454, 122),
(272, 126),
(463, 126),
(566, 127),
(206, 128),
(337, 132),
(297, 135),
(64, 136),
(330, 138),
(843, 138),
(645, 139),
(233, 140),
(825, 141),
(866, 141),
(616, 142),
(311, 143),
(1015, 143),
(627, 144),
(351, 145),
(689, 145),
(832, 145),
(721, 146),
(251, 147),
(366, 150),
(80, 151),
(675, 151),
(1015, 151),
(737, 152),
(182, 157),
(77, 159),
(404, 159),
(565, 159),
(299, 160),
(555, 160),
(653, 160),
(843, 160),
(931, 160),
(1013, 164),
(100, 165),
(219, 165),
(227, 165),
(882, 165),
(183, 167),
(855, 167),
(663, 168),
(386, 169),
(828, 171),
(484, 173),
(577, 173),
(805, 175),
(236, 176),
(389, 176),
(422, 176),
(689, 176),
(882, 176),
(766, 177),
(182, 181),
(204, 181),
(602, 181),
(965, 181),
(93, 184),
(828, 185),
(508, 187),
(518, 188),
(238, 190),
(141, 192),
(983, 192),
(118, 193),
(709, 193),
(246, 194),
(341, 195),
(720, 195),
(837, 196),
(116, 197),
(254, 198),
(982, 198),
(473, 201),
(735, 201),
(414, 202),
(37, 203),
(486, 204),
(929, 204),
(175, 206),
(425, 206),
(541, 206),
(1007, 207),
(844, 209),
(940, 210),
(836, 211),
(535, 212),
(495, 213),
(823, 214),
(843, 214),
(962, 215),
(780, 216),
(855, 216),
(639, 218),
(731, 218),
(791, 220),
(145, 223),
(570, 223),
(146, 224),
(628, 224),
(366, 227),
(397, 227),
(110, 228),
(284, 230),
(817, 230),
(606, 231),
(985, 231),
(39, 232),
(546, 232),
(194, 234),
(380, 236),
(582, 237),
(182, 238),
(644, 239),
(636, 240),
(753, 241),
(584, 242),
(497, 244),
(510, 246),
(365, 247),
(936, 247),
(64, 249),
(457, 250),
(345, 253),
(555, 253),
(1004, 253),
(808, 254),
(930, 255),
(50, 259),
(186, 260),
(234, 261),
(553, 262),
(578, 262),
(787, 263),
(622, 264),
(923, 264),
(199, 266),
(804, 267),
(843, 267),
(813, 271),
(204, 272),
(107, 275),
(771, 275),
(556, 277),
(266, 279),
(772, 279),
(174, 280),
(1014, 280),
(648, 281),
(515, 282),
(623, 283),
(749, 283),
(1014, 283),
(930, 284),
(574, 288),
(639, 288),
(582, 290),
(745, 291),
(891, 291),
(337, 292),
(1005, 292),
(386, 296),
(423, 296),
(454, 296),
(331, 297),
(418, 298),
(951, 299),
(279, 300),
(719, 300),
(883, 303),
(959, 307),
(876, 308),
(691, 310),
(269, 312),
(117, 316),
(702, 318),
(709, 318),
(879, 318),
(521, 321),
(894, 321),
(166, 322),
(728, 322),
(523, 324),
(356, 325),
(459, 325),
(194, 326),
(586, 326),
(157, 328),
(41, 331),
(342, 331),
(671, 331),
(728, 331),
(525, 332),
(496, 335),
(595, 335),
(134, 336),
(506, 337),
(602, 337),
(307, 338),
(775, 338),
(32, 339),
(1006, 340),
(439, 346),
(719, 347),
(657, 349),
(311, 351),
(390, 352),
(420, 353),
(478, 355),
(543, 358),
(92, 359),
(731, 364),
(49, 365),
(572, 366),
(250, 368),
(418, 368),
(534, 368),
(781, 368),
(410, 370),
(715, 370),
(568, 372),
(711, 372),
(152, 373),
(569, 373),
(526, 375),
(851, 375),
(926, 377),
(322, 380),
(270, 382),
(350, 383),
(455, 384),
(909, 384),
(212, 385),
(245, 385),
(459, 385),
(608, 386),
(569, 387),
(101, 388),
(510, 388),
(894, 388),
(194, 391),
(673, 391),
(951, 391),
(278, 393),
(836, 398),
(915, 398),
(595, 401),
(885, 401),
(49, 402),
(240, 402),
(128, 403),
(49, 408),
(599, 408),
(564, 409),
(780, 409),
(1002, 409),
(145, 412),
(949, 413),
(245, 418),
(887, 420),
(114, 422),
(232, 423),
(251, 423),
(391, 429),
(643, 431),
(492, 432),
(351, 435),
(684, 435),
(354, 436),
(782, 436),
(955, 437),
(536, 438),
(704, 438),
(611, 439),
(159, 440),
(352, 440),
(85, 441),
(807, 445),
(938, 445),
(59, 447),
(133, 448),
(689, 449),
(773, 449),
(109, 450),
(948, 450),
(51, 451),
(701, 452),
(469, 453),
(624, 453),
(150, 455),
(931, 455),
(133, 456),
(532, 456),
(495, 457),
(545, 459),
(32, 461),
(72, 461),
(222, 462),
(422, 462),
(431, 462),
(451, 463),
(827, 463),
(948, 463),
(179, 464),
(301, 465),
(287, 466),
(440, 466),
(836, 466),
(189, 470),
(176, 472),
(408, 472),
(184, 475),
(768, 475),
(926, 476),
(380, 478),
(606, 478),
(870, 480),
(489, 481),
(992, 481),
(119, 482),
(587, 483),
(854, 486),
(305, 489),
(58, 493),
(648, 495),
(542, 500),
(665, 500),
(177, 501),
(236, 501),
(569, 502),
(761, 502),
(959, 503),
(907, 504),
(799, 508),
(164, 509),
(876, 509),
(870, 510),
(193, 511),
(419, 511),
(491, 513),
(733, 513),
(800, 514),
(112, 516),
(442, 516),
(524, 516),
(221, 521),
(51, 524),
(510, 524),
(748, 524),
(906, 524),
(187, 525),
(556, 525),
(239, 526),
(380, 526),
(79, 527),
(872, 527),
(129, 528),
(131, 528),
(182, 529),
(584, 529),
(508, 530),
(628, 532),
(892, 534),
(720, 538),
(120, 540),
(391, 541),
(420, 541),
(937, 541),
(440, 543),
(883, 544),
(722, 545),
(646, 547),
(770, 549),
(231, 550),
(446, 550),
(667, 552),
(100, 554),
(524, 554),
(564, 554),
(983, 555),
(716, 557),
(67, 558),
(650, 558),
(109, 559),
(742, 560),
(1013, 563),
(185, 564),
(364, 564),
(737, 565),
(754, 566),
(379, 568),
(664, 568),
(978, 568),
(991, 569),
(347, 571),
(452, 571),
(184, 573),
(285, 575),
(579, 575),
(401, 576),
(326, 577),
(625, 577),
(758, 578),
(39, 579),
(101, 579),
(308, 579),
(698, 579),
(778, 579),
(1019, 579),
(900, 580),
(164, 581),
(898, 583),
(690, 584),
(321, 585),
(212, 586),
(490, 586),
(797, 588),
(881, 588),
(620, 590),
(214, 591),
(161, 592),
(677, 592),
(253, 597),
(120, 598),
(613, 598),
(351, 599),
(975, 599),
(231, 600),
(46, 603),
(767, 603),
(701, 604),
(142, 605),
(876, 605),
(203, 606),
(64, 608),
(194, 608),
(327, 609),
(822, 609),
(563, 610),
(344, 613),
(230, 614),
(442, 614),
(815, 614),
(865, 614),
(244, 615),
(792, 616),
(828, 618),
(653, 623),
(505, 624),
(539, 624),
(564, 626),
(966, 627),
(484, 629),
(626, 629),
(242, 631),
(800, 632),
(81, 633),
(331, 633),
(904, 633),
(341, 637),
(454, 637),
(251, 638),
(53, 639),
(405, 639),
(119, 640),
(677, 640),
(996, 641),
(189, 642),
(348, 642),
(470, 643),
(333, 646),
(695, 646),
(940, 646),
(829, 647),
(358, 649),
(1009, 649),
(496, 650),
(492, 651),
(869, 651),
(944, 652),
(291, 654),
(744, 655),
(838, 657),
(159, 658),
(497, 658),
(778, 659),
(607, 662),
(701, 662),
(156, 663),
(313, 668),
(646, 668),
(203, 669),
(829, 669),
(708, 670),
(530, 673),
(86, 675),
(198, 675),
(529, 675),
(476, 676),
(646, 676),
(83, 677),
(373, 678),
(847, 678),
(878, 678),
(990, 678),
(122, 679),
(412, 680),
(65, 682),
(578, 682),
(659, 684),
(992, 684),
(385, 686),
(182, 689),
(590, 689),
(90, 690),
(182, 692),
(371, 692),
(961, 692),
(89, 695),
(645, 695),
(262, 696),
(510, 697),
(915, 698),
(558, 699),
(985, 699),
(431, 702),
(514, 702),
(519, 705),
(544, 705),
(129, 707),
(481, 708),
(713, 708),
(740, 708),
(195, 709),
(280, 710),
(1019, 710),
(750, 713),
(596, 714),
(730, 714),
(791, 714),
(569, 716),
(476, 717),
(996, 717),
(157, 718),
(668, 720),
(802, 720),
(449, 722),
(329, 724),
(608, 728),
(275, 731),
(591, 731),
(707, 732),
(522, 734),
(655, 734),
(798, 734),
(504, 735),
(992, 740),
(823, 741),
(278, 746),
(676, 747),
(738, 748),
(138, 749),
(379, 749),
(696, 749),
(484, 751),
(873, 751),
(190, 754),
(611, 756),
(727, 758),
(423, 759),
(675, 759),
(437, 762),
(472, 762),
(145, 764),
(440, 766),
(875, 767),
(118, 768),
(682, 769),
(125, 771),
(696, 774),
(799, 774),
(92, 775),
(299, 777),
(269, 781),
(249, 783),
(860, 787),
(151, 789),
(200, 791),
(348, 791),
(42, 792),
(86, 793),
(735, 793),
(957, 793),
(767, 798),
(410, 800),
(609, 800),
(924, 803),
(342, 805),
(588, 805),
(933, 805),
(269, 807),
(754, 808),
(977, 808),
(445, 814),
(709, 814),
(292, 816),
(753, 816),
(143, 817),
(666, 817),
(633, 818),
(743, 819),
(864, 819),
(429, 821),
(771, 821),
(331, 822),
(188, 823),
(728, 823),
(530, 824),
(39, 826),
(349, 828),
(849, 828),
(680, 831),
(924, 831),
(184, 835),
(786, 836),
(433, 837),
(786, 837),
(818, 837),
(916, 839),
(598, 840),
(676, 840),
(390, 841),
(471, 841),
(180, 842),
(135, 844),
(421, 845),
(1007, 845),
(942, 846),
(312, 847),
(696, 847),
(123, 848),
(548, 848),
(196, 849),
(474, 849),
(277, 850),
(937, 850),
(617, 851),
(667, 853),
(289, 854),
(45, 855),
(66, 855),
(210, 855),
(430, 855),
(637, 855),
(699, 857),
(977, 857),
(703, 860),
(802, 861),
(215, 862),
(411, 862),
(777, 862),
(505, 863),
(650, 863),
(293, 864),
(641, 864),
(812, 864),
(130, 866),
(733, 866),
(403, 869),
(901, 870),
(33, 871),
(415, 871),
(969, 871),
(498, 872),
(510, 872),
(140, 874),
(771, 874),
(247, 875),
(802, 876),
(97, 877),
(153, 878),
(204, 880),
(325, 880),
(806, 880),
(425, 883),
(882, 883),
(105, 884),
(550, 885),
(260, 886),
(745, 886),
(427, 887),
(790, 889),
(862, 891),
(411, 892),
(120, 893),
(672, 893),
(88, 895),
(65, 896),
(66, 897),
(67, 897),
(667, 898),
(572, 900),
(789, 902),
(72, 903),
(318, 903),
(793, 903),
(909, 903),
(218, 904),
(820, 905),
(340, 906),
(547, 906),
(468, 907),
(454, 909),
(302, 911),
(848, 911),
(879, 911),
(280, 912),
(346, 912),
(765, 913),
(857, 913),
(333, 916),
(353, 916),
(672, 916),
(99, 917),
(796, 920),
(947, 920),
(881, 921),
(307, 922),
(559, 922),
(472, 924),
(84, 925),
(447, 925),
(869, 925),
(296, 927),
(947, 927),
(63, 928),
(177, 928),
(995, 928),
(350, 930),
(536, 931),
(429, 933),
(69, 935),
(778, 935),
(550, 937),
(684, 939),
(812, 939),
(783, 940),
(477, 942),
(422, 943),
(556, 944),
(163, 945),
(394, 947),
(378, 948),
(802, 949),
(1012, 949),
(564, 950),
(1010, 951),
(103, 953),
(841, 953),
(619, 954),
(408, 955),
(41, 956),
(556, 963),
(1010, 963),
(908, 964),
(178, 967),
(430, 969),
(559, 971),
(691, 971),
(530, 972),
(224, 973),
(995, 973),
(34, 975),
(155, 975),
(534, 976),
(789, 976),
(649, 978),
(851, 978),
(955, 978),
(729, 981),
(227, 982),
(866, 982),
(221, 983),
(408, 984),
(278, 985),
(809, 986),
(803, 987),
(727, 989),
(405, 990),
(761, 993),
(858, 993),
(254, 994),
(981, 994),
(499, 995),
(817, 996),
(268, 998),
(485, 998),
(730, 998),
(418, 1002),
(766, 1002),
(261, 1003),
(300, 1003),
(546, 1003),
(866, 1004),
(982, 1004),
(144, 1006),
(162, 1006),
(475, 1007),
(857, 1009),
(39, 1010),
(658, 1011),
(512, 1012),
(801, 1014),
(465, 1015),
(928, 1015),
(300, 1016),
(333, 1016),
(394, 1016),
(354, 1018),
(567, 1018),
(570, 1019),
(533, 1020),
(220, 1021),
(771, 1021),
(876, 1021),
(69, 1022),
(273, 1024),
(132, 1025),
(809, 1025),
(1015, 1026),
(780, 1029),
(313, 1032),
(667, 1032),
(791, 1034),
(806, 1034),
(829, 1034),
(963, 1037),
(401, 1040),
(567, 1040),
(607, 1040),
(337, 1043),
(629, 1043),
(588, 1044),
(293, 1045),
(606, 1046),
(628, 1047),
(950, 1048),
(709, 1049),
(314, 1052),
(345, 1052),
(427, 1054),
(480, 1056),
(128, 1057),
(231, 1058),
(93, 1060),
(320, 1060),
(788, 1060),
(955, 1060),
(52, 1061),
(668, 1061),
(405, 1062),
(180, 1065),
(321, 1065),
(836, 1065),
(987, 1065),
(132, 1066),
(91, 1068),
(226, 1070),
(621, 1071),
(851, 1071),
(336, 1072),
(309, 1079),
(403, 1081),
(414, 1081),
(999, 1084);

-- --------------------------------------------------------

--
-- Zastąpiona struktura widoku `najczestsze_skladniki`
-- (See below for the actual view)
--
CREATE TABLE `najczestsze_skladniki` (
`restauracja` varchar(255)
,`nazwa_skladnika` varchar(50)
,`liczba_wystapien` bigint(21)
);

-- --------------------------------------------------------

--
-- Zastąpiona struktura widoku `potrawy_wegetarianskie`
-- (See below for the actual view)
--
CREATE TABLE `potrawy_wegetarianskie` (
`restauracja` varchar(255)
,`nazwa_dania` varchar(255)
);

-- --------------------------------------------------------

--
-- Struktura tabeli dla tabeli `restauracje`
--

CREATE TABLE `restauracje` (
  `id` int(11) NOT NULL,
  `nazwa_restauracji` varchar(255) NOT NULL,
  `panstwo` varchar(62) NOT NULL,
  `miasto` varchar(60) NOT NULL,
  `ulica` varchar(255) NOT NULL
) ENGINE=InnoDB DEFAULT CHARSET=utf8mb4 COLLATE=utf8mb4_general_ci;

--
-- Dumping data for table `restauracje`
--

INSERT INTO `restauracje` (`id`, `nazwa_restauracji`, `panstwo`, `miasto`, `ulica`) VALUES
(1, 'Senses', 'Polska', 'Warszawa', 'Bielańska 12'),
(2, 'Atelier Amaro', 'Polska', 'Warszawa', 'Agrykola 1'),
(3, 'Pod Aniołami', 'Polska', 'Kraków', 'Grodzka 35'),
(4, 'Osteria Francescana', 'Włochy', 'Modena', 'Via Stella 22'),
(5, 'La Pergola', 'Włochy', 'Rzym', 'Via Alberto Cadlolo 101'),
(6, 'Piazza Duomo', 'Włochy', 'Alba', 'Piazza Risorgimento 4'),
(7, 'Sizzling Sushi Bar', 'China', 'Anwen', '97141 Village Circle'),
(8, 'Taco Town', 'China', 'Jingdang', '038 Burrows Way'),
(9, 'Taco Town', 'United States', 'Washington', '1339 Pennsylvania Pass'),
(10, 'Burger Barn', 'Thailand', 'Betong', '69 Thierer Junction'),
(11, 'Burger Barn', 'Russia', 'Gremyachinsk', '5 Glacier Hill Road'),
(12, 'Burger Barn', 'Brazil', 'São Francisco', '5 Carberry Junction'),
(13, 'Mama Mia\'s Pizzeria', 'China', 'Zonghan', '4613 Sullivan Park'),
(14, 'Cheesy Cheesesteaks', 'Poland', 'Paradyż', '4603 Steensland Lane'),
(15, 'Sizzling Sushi Bar', 'South Africa', 'Beaufort West', '51 Northport Way'),
(16, 'BBQ Bonanza', 'China', 'Xin Bulag', '772 Prairie Rose Street'),
(17, 'Crazy Crab Shack', 'Peru', 'Lincha', '9 Leroy Trail'),
(18, 'BBQ Bonanza', 'Czech Republic', 'Miřetice', '27200 Mallard Alley'),
(19, 'Burger Barn', 'Canada', 'Petawawa', '50 Banding Pass'),
(20, 'Taco Town', 'Thailand', 'Plaeng Yao', '90 Rieder Court'),
(21, 'Crazy Crab Shack', 'China', 'Gaobu', '5 Sutteridge Junction'),
(22, 'Mama Mia\'s Pizzeria', 'Tunisia', 'Qulaybīyah', '0 Raven Hill'),
(23, 'Taco Town', 'China', 'Shuizhai', '5 Chinook Way'),
(24, 'Taco Town', 'Uganda', 'Bududa', '68122 Weeping Birch Drive'),
(25, 'Mama Mia\'s Pizzeria', 'Philippines', 'San Diego', '0800 Ridge Oak Alley'),
(26, 'Salad Sensation', 'United States', 'Honolulu', '84416 Towne Pass'),
(27, 'Pasta Palace', 'Armenia', 'Byuravan', '3 7th Place'),
(28, 'Sizzling Sushi Bar', 'Indonesia', 'Kedungharjo', '032 Sullivan Point'),
(29, 'Sizzling Sushi Bar', 'Russia', 'Oranzherei', '7960 Eagan Plaza'),
(30, 'Burger Barn', 'Yemen', 'Sayḩūt', '171 Portage Alley'),
(31, 'Taco Town', 'Ukraine', 'Olyka', '49270 Ridge Oak Drive'),
(32, 'Sizzling Sushi Bar', 'Ethiopia', 'Abomsa', '347 Dovetail Trail'),
(33, 'Cheesy Cheesesteaks', 'Macedonia', 'Радишани', '05 Starling Hill'),
(34, 'Cheesy Cheesesteaks', 'Vietnam', 'Thị Trấn Thuận Châu', '12 Cottonwood Pass'),
(35, 'Wok n\' Roll', 'Russia', 'Ivanovskoye', '323 Schiller Point'),
(36, 'Cheesy Cheesesteaks', 'Colombia', 'San Francisco', '06351 Forest Run Drive'),
(37, 'Burger Barn', 'Indonesia', 'Klagen', '021 Kenwood Crossing'),
(38, 'Pasta Palace', 'Indonesia', 'Kabukarudi', '76 Cambridge Road'),
(39, 'Salad Sensation', 'Brazil', 'Floriano', '540 Ridgeview Center'),
(40, 'Taco Town', 'Russia', 'Slobodskoy', '270 Ridgeway Place'),
(41, 'Wok n\' Roll', 'China', 'Shengmi', '96 Annamark Court'),
(42, 'Wok n\' Roll', 'Nigeria', 'Badagry', '3 Welch Terrace'),
(43, 'Sizzling Sushi Bar', 'China', 'Junliangcheng', '4 Rutledge Point'),
(44, 'Mama Mia\'s Pizzeria', 'Hungary', 'Budapest', '79 Crownhardt Park'),
(45, 'Crazy Crab Shack', 'China', 'Huazhu', '1675 Linden Circle'),
(46, 'BBQ Bonanza', 'China', 'Zalantun', '2847 Cordelia Lane'),
(47, 'Mama Mia\'s Pizzeria', 'Mexico', 'Emiliano Zapata', '13 Longview Pass'),
(48, 'Cheesy Cheesesteaks', 'Chile', 'Molina', '3 Clarendon Park'),
(49, 'BBQ Bonanza', 'Philippines', 'Buenavista', '1 Laurel Drive'),
(50, 'Salad Sensation', 'China', 'Dongjingcheng', '91788 Summit Junction'),
(51, 'Salad Sensation', 'China', 'Hebian', '8 Cordelia Lane'),
(52, 'Cheesy Cheesesteaks', 'France', 'Rungis', '73215 Jana Way'),
(53, 'Salad Sensation', 'China', 'Yantan', '5108 Dapin Center'),
(54, 'BBQ Bonanza', 'Ireland', 'Stradbally', '75 Atwood Circle'),
(55, 'Sizzling Sushi Bar', 'Poland', 'Tarczyn', '625 American Ash Court'),
(56, 'Salad Sensation', 'United States', 'London', '6 Londonderry Center'),
(57, 'BBQ Bonanza', 'Thailand', 'Sam Chuk', '7667 Cordelia Place'),
(58, 'Taco Town', 'Sweden', 'Enköping', '60716 Clemons Way'),
(59, 'Cheesy Cheesesteaks', 'Philippines', 'Naguilian', '0878 Novick Hill'),
(60, 'Mama Mia\'s Pizzeria', 'Thailand', 'Wang Hin', '73761 Hollow Ridge Drive'),
(61, 'Mama Mia\'s Pizzeria', 'Indonesia', 'Cibitungmasjid', '715 Green Ridge Drive'),
(62, 'Burger Barn', 'Brazil', 'Porto Ferreira', '6705 Iowa Street'),
(63, 'Cheesy Cheesesteaks', 'Lebanon', 'Tripoli', '70461 Aberg Hill'),
(64, 'BBQ Bonanza', 'Indonesia', 'Manna', '9 Amoth Avenue'),
(65, 'Taco Town', 'Ukraine', 'Irshava', '15 Lyons Hill'),
(66, 'Burger Barn', 'France', 'Mantes-la-Jolie', '748 Leroy Hill'),
(67, 'Taco Town', 'Afghanistan', 'Jalālābād', '7 Summit Court'),
(68, 'BBQ Bonanza', 'Pakistan', 'Faruka', '7 Summer Ridge Alley'),
(69, 'Sizzling Sushi Bar', 'Zimbabwe', 'Nyanga', '0 Vermont Place'),
(70, 'Crazy Crab Shack', 'Spain', 'Madrid', '96 Mayfield Plaza'),
(71, 'Salad Sensation', 'Thailand', 'Khlung', '94951 Sage Crossing'),
(72, 'Wok n\' Roll', 'Czech Republic', 'Mirošov', '513 Warner Hill'),
(73, 'Mama Mia\'s Pizzeria', 'Russia', 'Il’inskiy', '41163 Hazelcrest Circle'),
(74, 'Salad Sensation', 'Japan', 'Kaminoyama', '17446 Sunfield Pass'),
(75, 'Mama Mia\'s Pizzeria', 'Philippines', 'Carusucan', '15 Luster Junction'),
(76, 'Pasta Palace', 'Greece', 'Loutrós', '4265 Mariners Cove Junction'),
(77, 'Pasta Palace', 'Indonesia', 'Maumere', '925 Northfield Place'),
(78, 'Wok n\' Roll', 'China', 'Shigu', '660 Sunnyside Trail'),
(79, 'Burger Barn', 'Russia', 'Novotitarovskaya', '23 Crescent Oaks Court'),
(80, 'Crazy Crab Shack', 'Syria', 'Banān', '8 Magdeline Junction'),
(81, 'Mama Mia\'s Pizzeria', 'Kazakhstan', 'Oral', '62372 Mcguire Junction'),
(82, 'BBQ Bonanza', 'China', 'Xinghua', '0416 Texas Place'),
(83, 'Crazy Crab Shack', 'Palestinian Territory', 'Al ‘Awjā', '0062 Birchwood Park'),
(84, 'Burger Barn', 'Philippines', 'La Paz', '683 Utah Avenue'),
(85, 'Burger Barn', 'China', 'Changhua', '9433 Rowland Parkway'),
(86, 'Crazy Crab Shack', 'Colombia', 'Floresta', '73 Toban Pass'),
(87, 'Mama Mia\'s Pizzeria', 'Azerbaijan', 'Dzagam', '04 Fair Oaks Terrace'),
(88, 'Burger Barn', 'Portugal', 'Ferreira do Alentejo', '78258 Scoville Trail'),
(89, 'Cheesy Cheesesteaks', 'Luxembourg', 'Septfontaines', '332 Texas Place'),
(90, 'Mama Mia\'s Pizzeria', 'Philippines', 'Barotac Nuevo', '14052 Dapin Junction'),
(91, 'Sizzling Sushi Bar', 'Paraguay', 'Yataity del Norte', '286 Harbort Lane'),
(92, 'Taco Town', 'Russia', 'Khiv', '528 Gateway Point'),
(93, 'Taco Town', 'China', 'Xinxing', '74943 Vermont Park'),
(94, 'Wok n\' Roll', 'Czech Republic', 'Rybí', '6 Crescent Oaks Court'),
(95, 'BBQ Bonanza', 'Hungary', 'Nagykanizsa', '387 Dennis Terrace'),
(96, 'Pasta Palace', 'Portugal', 'Pai do Vento', '7429 Linden Hill'),
(97, 'Mama Mia\'s Pizzeria', 'Malawi', 'Mangochi', '807 International Plaza'),
(98, 'Wok n\' Roll', 'Indonesia', 'Pinrang', '492 Northview Crossing'),
(99, 'Sizzling Sushi Bar', 'Poland', 'Czarnocin', '9776 Corben Drive'),
(100, 'Wok n\' Roll', 'Djibouti', 'Tadjoura', '32772 Debs Court'),
(101, 'Crazy Crab Shack', 'Peru', 'Querocotillo', '982 Daystar Lane'),
(102, 'Cheesy Cheesesteaks', 'China', 'Dingzigu', '8271 Buena Vista Point'),
(103, 'Salad Sensation', 'Russia', 'Pochep', '9 Autumn Leaf Street'),
(104, 'Wok n\' Roll', 'China', 'Dadong', '9611 Chive Circle'),
(105, 'Mama Mia\'s Pizzeria', 'Ukraine', 'Trostyanets’', '15 Glendale Park'),
(106, 'Cheesy Cheesesteaks', 'Brazil', 'Bom Jesus da Lapa', '14 Cardinal Lane'),
(107, 'Crazy Crab Shack', 'Sri Lanka', 'Shanjeev Home', '88 Lawn Court'),
(108, 'Taco Town', 'Armenia', 'Aygepat', '9056 Elka Center'),
(109, 'Burger Barn', 'Palestinian Territory', 'Rantīs', '436 Ruskin Point'),
(110, 'Sizzling Sushi Bar', 'Philippines', 'Tabug', '9711 Doe Crossing Park'),
(111, 'Crazy Crab Shack', 'Brazil', 'Carolina', '522 Sloan Place'),
(112, 'Crazy Crab Shack', 'Kyrgyzstan', 'Talas', '8268 Pepper Wood Plaza'),
(113, 'BBQ Bonanza', 'China', 'Luofang', '7110 Lyons Alley'),
(114, 'Burger Barn', 'China', 'Changzheng', '94 Maryland Hill'),
(115, 'Burger Barn', 'Brazil', 'Lages', '04425 Warrior Pass'),
(116, 'Salad Sensation', 'Uzbekistan', 'Kosonsoy Shahri', '89220 Caliangt Hill'),
(117, 'Burger Barn', 'China', 'Anyu', '0661 2nd Point'),
(118, 'Wok n\' Roll', 'Colombia', 'Cartagena', '575 Maple Wood Place'),
(119, 'Mama Mia\'s Pizzeria', 'Greece', 'Makrochóri', '35 Amoth Street'),
(120, 'Sizzling Sushi Bar', 'Central African Republic', 'Gamboula', '9 Kensington Place'),
(121, 'Crazy Crab Shack', 'Poland', 'Ryczów', '5777 Novick Circle'),
(122, 'Burger Barn', 'China', 'Qiulu', '89018 Pond Street'),
(123, 'Salad Sensation', 'China', 'Dingjiaqiao', '6789 Old Gate Plaza'),
(124, 'Taco Town', 'Indonesia', 'Kedungcangkring', '6 Anniversary Trail'),
(125, 'BBQ Bonanza', 'Indonesia', 'Tegalgede Kulon', '68504 Eastlawn Park'),
(126, 'Cheesy Cheesesteaks', 'Peru', 'Yanas', '495 Ilene Drive'),
(127, 'Sizzling Sushi Bar', 'Philippines', 'Baguinge', '80371 Warbler Drive'),
(128, 'Wok n\' Roll', 'Honduras', 'San Fernando', '3 Loomis Street'),
(129, 'BBQ Bonanza', 'Ukraine', 'Kremidivka', '39988 Helena Road'),
(130, 'Mama Mia\'s Pizzeria', 'China', 'Huchang', '18 Sutherland Trail'),
(131, 'Salad Sensation', 'Russia', 'Miasskoye', '1 Bartillon Road'),
(132, 'Mama Mia\'s Pizzeria', 'Norway', 'Bergen', '500 Kingsford Place'),
(133, 'Wok n\' Roll', 'France', 'Douarnenez', '95 Superior Avenue'),
(134, 'Burger Barn', 'Russia', 'Vyazniki', '82 Becker Lane'),
(135, 'Wok n\' Roll', 'France', 'Mont-de-Marsan', '00989 Independence Court'),
(136, 'Cheesy Cheesesteaks', 'Myanmar', 'Hakha', '018 Monterey Crossing'),
(137, 'Salad Sensation', 'Bulgaria', 'Kula', '1941 Mandrake Park'),
(138, 'Sizzling Sushi Bar', 'Greece', 'Néa Smýrni', '4 Algoma Terrace'),
(139, 'Salad Sensation', 'Greece', 'Kyprínos', '04941 Red Cloud Terrace'),
(140, 'Crazy Crab Shack', 'China', 'Longtan', '763 Haas Alley'),
(141, 'Burger Barn', 'Sweden', 'Skene', '2816 Loftsgordon Terrace'),
(142, 'Crazy Crab Shack', 'Gambia', 'Nyamanari', '5558 Grover Lane'),
(143, 'Wok n\' Roll', 'China', 'Shimeitang', '25 Bunker Hill Terrace'),
(144, 'Wok n\' Roll', 'Poland', 'Sława', '07600 Evergreen Place'),
(145, 'Crazy Crab Shack', 'Philippines', 'Tambilil', '0669 Summit Crossing'),
(146, 'Taco Town', 'Belarus', 'Ivanava', '49 Ruskin Crossing'),
(147, 'Crazy Crab Shack', 'Indonesia', 'Bagorejo', '71679 Norway Maple Way'),
(148, 'Pasta Palace', 'Poland', 'Skorogoszcz', '8324 Farragut Place'),
(149, 'Pasta Palace', 'Brazil', 'São Marcos', '82 Hollow Ridge Alley'),
(150, 'Pasta Palace', 'Philippines', 'Cabungan', '8 Weeping Birch Avenue'),
(151, 'Salad Sensation', 'Ireland', 'Kanturk', '0960 Dapin Parkway'),
(152, 'Crazy Crab Shack', 'Ukraine', 'Volodars’k-Volyns’kyy', '47054 Packers Circle'),
(153, 'Pasta Palace', 'Peru', 'San Agustin', '6182 Maryland Lane'),
(154, 'Burger Barn', 'Portugal', 'Cimo de Vila', '9 Gateway Drive'),
(155, 'BBQ Bonanza', 'New Zealand', 'North Shore', '077 Sloan Avenue'),
(156, 'Crazy Crab Shack', 'China', 'Yonghe', '18932 Del Sol Place'),
(157, 'Salad Sensation', 'Poland', 'Głubczyce', '8242 Express Alley'),
(158, 'Sizzling Sushi Bar', 'Brazil', 'Presidente Médici', '23 Spaight Crossing'),
(159, 'BBQ Bonanza', 'China', 'Huiwen', '93472 Bultman Court'),
(160, 'BBQ Bonanza', 'Yemen', 'Matwaḩ', '8320 Veith Hill'),
(161, 'Salad Sensation', 'China', 'Zhouwang', '41 Forest Plaza'),
(162, 'Wok n\' Roll', 'Sweden', 'Vadstena', '78098 Saint Paul Circle'),
(163, 'Taco Town', 'France', 'Villejuif', '9232 Starling Road'),
(164, 'Cheesy Cheesesteaks', 'China', 'Kambaxoi', '49011 Pennsylvania Hill'),
(165, 'Wok n\' Roll', 'Poland', 'Dzikowiec', '212 John Wall Road'),
(166, 'Crazy Crab Shack', 'Russia', 'Strogino', '5 Laurel Road'),
(167, 'Salad Sensation', 'Sweden', 'Timrå', '475 Golf View Way'),
(168, 'Taco Town', 'Philippines', 'Besao', '0 Park Meadow Plaza'),
(169, 'Crazy Crab Shack', 'Indonesia', 'Tebon', '84857 Village Trail'),
(170, 'Wok n\' Roll', 'United States', 'Rochester', '78804 Johnson Road'),
(171, 'BBQ Bonanza', 'Mexico', 'Revolucion Verde', '97 Riverside Point'),
(172, 'Sizzling Sushi Bar', 'Aland Islands', 'Eckerö', '9272 Grover Street'),
(173, 'Burger Barn', 'Japan', 'Aso', '18104 La Follette Junction'),
(174, 'Pasta Palace', 'Russia', 'Narimanov', '3813 Brickson Park Place'),
(175, 'Mama Mia\'s Pizzeria', 'Myanmar', 'Mawlamyine', '5108 Sachs Pass'),
(176, 'Salad Sensation', 'China', 'Tuguanpu', '306 Riverside Parkway'),
(177, 'Crazy Crab Shack', 'France', 'Mirecourt', '22119 Monument Terrace'),
(178, 'Wok n\' Roll', 'China', 'Pingqiao', '0 East Lane'),
(179, 'Wok n\' Roll', 'United States', 'Kissimmee', '7796 Caliangt Alley'),
(180, 'Crazy Crab Shack', 'China', 'Wangtuan', '19474 Eagan Hill'),
(181, 'Sizzling Sushi Bar', 'China', 'Jinshanpu', '49 Warner Junction'),
(182, 'Wok n\' Roll', 'Peru', 'Chiclayo', '63 Hooker Drive'),
(183, 'Sizzling Sushi Bar', 'Thailand', 'Ra-ngae', '41 Emmet Parkway'),
(184, 'Pasta Palace', 'Brazil', 'Promissão', '371 Comanche Pass'),
(185, 'Salad Sensation', 'Netherlands', 'Leiden', '958 Summer Ridge Park'),
(186, 'Salad Sensation', 'Indonesia', 'Jatisari', '79 Washington Junction'),
(187, 'Sizzling Sushi Bar', 'Indonesia', 'Gunungkendeng', '92 Schmedeman Alley'),
(188, 'BBQ Bonanza', 'China', 'Pingshan', '116 Sugar Point'),
(189, 'Taco Town', 'China', 'Jinjiang', '52 Gulseth Drive'),
(190, 'BBQ Bonanza', 'Vietnam', 'Pleiku', '81542 Orin Avenue'),
(191, 'Salad Sensation', 'Azerbaijan', 'Qutqashen', '8 Dottie Lane'),
(192, 'Taco Town', 'Portugal', 'Vila de Rei', '31089 Carioca Point'),
(193, 'Burger Barn', 'Mexico', 'Las Animas', '4 Rigney Place'),
(194, 'Sizzling Sushi Bar', 'Russia', 'Muromtsevo', '233 Monica Avenue'),
(195, 'Taco Town', 'Indonesia', 'Talun', '2 Sloan Avenue'),
(196, 'BBQ Bonanza', 'China', 'Sanjiao', '4 Merchant Avenue'),
(197, 'Cheesy Cheesesteaks', 'Turkmenistan', 'Balkanabat', '098 Mcbride Plaza'),
(198, 'Burger Barn', 'Greece', 'Koilás', '22 Hanson Lane'),
(199, 'BBQ Bonanza', 'Guatemala', 'Parramos', '10 Prentice Terrace'),
(200, 'Sizzling Sushi Bar', 'Philippines', 'San Isidro', '86 Macpherson Pass'),
(201, 'Wok n\' Roll', 'Brazil', 'São Cristóvão', '5 Burrows Lane'),
(202, 'Pasta Palace', 'Czech Republic', 'Uherský Brod', '97 Comanche Lane'),
(203, 'Sizzling Sushi Bar', 'Brazil', 'Coruripe', '2569 Rutledge Lane'),
(204, 'Sizzling Sushi Bar', 'Czech Republic', 'Újezd', '606 Erie Point'),
(205, 'Pasta Palace', 'Russia', 'Oster', '14142 Longview Point'),
(206, 'Sizzling Sushi Bar', 'Indonesia', 'Boto', '1 West Drive'),
(207, 'Mama Mia\'s Pizzeria', 'Russia', 'Isheyevka', '04 Amoth Park'),
(208, 'Taco Town', 'Colombia', 'Morales', '797 Orin Place'),
(209, 'Pasta Palace', 'Indonesia', 'South Tangerang', '6 Cottonwood Trail'),
(210, 'Pasta Palace', 'Indonesia', 'Wadung', '589 Superior Parkway'),
(211, 'Wok n\' Roll', 'Indonesia', 'Cibungur', '66512 Bayside Trail'),
(212, 'Salad Sensation', 'Netherlands', 'Zwolle', '4346 Hovde Trail'),
(213, 'Burger Barn', 'France', 'Épinal', '883 Oneill Point'),
(214, 'Sizzling Sushi Bar', 'China', 'Zhuhong', '5 Redwing Lane'),
(215, 'Sizzling Sushi Bar', 'Cuba', 'Sagua la Grande', '556 Havey Junction'),
(216, 'Taco Town', 'Indonesia', 'Cakungsari', '25432 Alpine Hill'),
(217, 'Burger Barn', 'Ukraine', 'Perehonivka', '60661 Maple Pass'),
(218, 'Wok n\' Roll', 'China', 'Jing’an', '37 Sommers Park'),
(219, 'Mama Mia\'s Pizzeria', 'Portugal', 'Meirinhas', '72 Heath Place'),
(220, 'Taco Town', 'Peru', 'Tournavista', '314 Morning Lane'),
(221, 'Crazy Crab Shack', 'Indonesia', 'Sumbergedong', '2879 La Follette Avenue'),
(222, 'Wok n\' Roll', 'Canada', 'Sainte-Adèle', '26691 Rutledge Junction'),
(223, 'Taco Town', 'China', 'Qidi', '85609 Macpherson Avenue'),
(224, 'Mama Mia\'s Pizzeria', 'Syria', 'Şaydnāyā', '589 Dakota Way'),
(225, 'Pasta Palace', 'China', 'Yangshufang', '538 Ridgeview Way'),
(226, 'Sizzling Sushi Bar', 'Albania', 'Vërtop', '13 Morning Lane'),
(227, 'Taco Town', 'Brazil', 'Tapera', '611 Karstens Road'),
(228, 'Wok n\' Roll', 'Philippines', 'Anambongan', '681 Vidon Terrace'),
(229, 'Crazy Crab Shack', 'Finland', 'Pyhäsalmi', '9 Spohn Terrace'),
(230, 'Sizzling Sushi Bar', 'Russia', 'Shamanka', '40 Vahlen Place'),
(231, 'Salad Sensation', 'Vietnam', 'Chư Sê', '6 Amoth Alley'),
(232, 'Pasta Palace', 'Indonesia', 'Randuagung', '98 Commercial Drive'),
(233, 'Wok n\' Roll', 'Indonesia', 'Mondokan', '09011 Spohn Place'),
(234, 'Taco Town', 'Russia', 'Novoanninskiy', '9637 Oak Park'),
(235, 'Crazy Crab Shack', 'Czech Republic', 'Slavkov u Brna', '5 Dovetail Drive'),
(236, 'Cheesy Cheesesteaks', 'United States', 'Sacramento', '7919 5th Street'),
(237, 'BBQ Bonanza', 'Philippines', 'Cama Juan', '19 Comanche Road'),
(238, 'Wok n\' Roll', 'China', 'Lidian', '987 Hagan Circle'),
(239, 'Taco Town', 'Brazil', 'Vargem Grande do Sul', '217 Walton Hill'),
(240, 'Cheesy Cheesesteaks', 'Canada', 'L\'Île-Perrot', '198 Shoshone Park'),
(241, 'Salad Sensation', 'China', 'Xiadian', '38930 Ronald Regan Junction'),
(242, 'Mama Mia\'s Pizzeria', 'Portugal', 'Aldeia da Mata', '5 Dawn Circle'),
(243, 'Taco Town', 'Indonesia', 'Jalanbaru', '08231 Twin Pines Junction'),
(244, 'Mama Mia\'s Pizzeria', 'Cambodia', 'Ban Lŭng', '50456 Sachtjen Parkway'),
(245, 'Mama Mia\'s Pizzeria', 'Indonesia', 'Waipukang', '7 Carpenter Alley'),
(246, 'Taco Town', 'China', 'Oroin Xibe', '2 Dunning Crossing'),
(247, 'Mama Mia\'s Pizzeria', 'Japan', 'Urayasu', '075 New Castle Place'),
(248, 'BBQ Bonanza', 'Nigeria', 'Bomadi', '6993 Luster Place'),
(249, 'Pasta Palace', 'Philippines', 'Pulo', '3 Bartillon Point'),
(250, 'BBQ Bonanza', 'China', 'Mamu', '7 Knutson Crossing'),
(251, 'BBQ Bonanza', 'Colombia', 'Cucutilla', '925 Rigney Hill'),
(252, 'BBQ Bonanza', 'Slovenia', 'Sv. Trojica v Slov. Goricah', '34 West Alley'),
(253, 'Taco Town', 'China', 'Gonghe', '36517 Merrick Place'),
(254, 'Sizzling Sushi Bar', 'Bulgaria', 'Karnobat', '1 Rowland Lane'),
(255, 'Sizzling Sushi Bar', 'United States', 'Nashville', '97 Starling Plaza'),
(256, 'Sizzling Sushi Bar', 'Russia', 'Chaltyr', '3042 Bowman Street'),
(257, 'Cheesy Cheesesteaks', 'Canada', 'Agassiz', '81 Larry Lane'),
(258, 'Pasta Palace', 'China', 'Changning', '895 Norway Maple Point'),
(259, 'Burger Barn', 'China', 'Qiaoxia', '9 Express Lane'),
(260, 'BBQ Bonanza', 'Philippines', 'Balingueo', '7 Loomis Way'),
(261, 'Sizzling Sushi Bar', 'China', 'Maoya', '87 Crescent Oaks Center'),
(262, 'Wok n\' Roll', 'China', 'Taihe', '9 Dovetail Alley'),
(263, 'Salad Sensation', 'Philippines', 'Kalamangog', '7923 Prairieview Plaza'),
(264, 'Salad Sensation', 'Netherlands', 'Veldhoven', '56758 Lakewood Gardens Pass'),
(265, 'BBQ Bonanza', 'Russia', 'Kalnibolotskaya', '317 Haas Way'),
(266, 'Cheesy Cheesesteaks', 'China', 'Niuzhuang', '9814 Crowley Road'),
(267, 'Salad Sensation', 'Uganda', 'Kanungu', '9729 Sundown Court'),
(268, 'Pasta Palace', 'China', 'Chengqu', '60851 Huxley Alley'),
(269, 'Cheesy Cheesesteaks', 'Poland', 'Zduńska Wola', '1 Lakewood Gardens Place'),
(270, 'Mama Mia\'s Pizzeria', 'Albania', 'Zall-Dardhë', '91595 Dayton Drive'),
(271, 'Taco Town', 'China', 'Luqiao', '90 Thierer Alley'),
(272, 'Wok n\' Roll', 'France', 'Angers', '60 Boyd Avenue'),
(273, 'Wok n\' Roll', 'Indonesia', 'Lirung', '21873 Hermina Center'),
(274, 'Taco Town', 'Portugal', 'Gramaços', '12 Russell Court'),
(275, 'Mama Mia\'s Pizzeria', 'China', 'Wangzuo', '1 Duke Way'),
(276, 'Burger Barn', 'China', 'Zhuping', '82 Waywood Avenue'),
(277, 'Crazy Crab Shack', 'Brazil', 'Lavras da Mangabeira', '02 Stoughton Street'),
(278, 'BBQ Bonanza', 'Portugal', 'Vinha', '460 Brentwood Way'),
(279, 'Cheesy Cheesesteaks', 'Russia', 'Yoshkar-Ola', '2 Pankratz Parkway'),
(280, 'Mama Mia\'s Pizzeria', 'China', 'Huangyang', '04 Lotheville Pass'),
(281, 'Pasta Palace', 'Brazil', 'Miguel Calmon', '7 Morningstar Point'),
(282, 'Wok n\' Roll', 'Indonesia', 'Gunung', '97952 Macpherson Road'),
(283, 'Sizzling Sushi Bar', 'Myanmar', 'Paungde', '28466 Lakewood Gardens Park'),
(284, 'Salad Sensation', 'Latvia', 'Ikšķile', '3 Thompson Road'),
(285, 'Cheesy Cheesesteaks', 'Kazakhstan', 'Akzhal', '26409 Del Mar Terrace'),
(286, 'Burger Barn', 'Brazil', 'Tarauacá', '69 Kinsman Drive'),
(287, 'Wok n\' Roll', 'Czech Republic', 'Nivnice', '75761 Dexter Circle'),
(288, 'Wok n\' Roll', 'Philippines', 'Magallanes', '20880 Lighthouse Bay Avenue'),
(289, 'Salad Sensation', 'Morocco', 'Souq Larb’a al Gharb', '12 Northport Park'),
(290, 'Mama Mia\'s Pizzeria', 'Russia', 'Smolensk', '46496 Tennyson Circle'),
(291, 'Sizzling Sushi Bar', 'Costa Rica', 'Heredia', '5 Armistice Terrace'),
(292, 'Taco Town', 'China', 'Diwopu', '809 Eagle Crest Circle'),
(293, 'Salad Sensation', 'China', 'Chatian', '857 Fisk Court'),
(294, 'Salad Sensation', 'Poland', 'Wielichowo', '021 Doe Crossing Road'),
(295, 'Salad Sensation', 'France', 'Le Bourget-du-Lac', '67 Hanson Park'),
(296, 'Taco Town', 'Serbia', 'Boljevac', '24731 Clyde Gallagher Place'),
(297, 'BBQ Bonanza', 'Croatia', 'Negoslavci', '699 Little Fleur Court'),
(298, 'Wok n\' Roll', 'China', 'Nanmuping', '0817 Scoville Avenue'),
(299, 'Cheesy Cheesesteaks', 'China', 'Daye', '0 Hoepker Court'),
(300, 'Taco Town', 'Brazil', 'Sena Madureira', '2 Brown Court'),
(301, 'BBQ Bonanza', 'El Salvador', 'Concepción de Ataco', '5 American Circle'),
(302, 'Cheesy Cheesesteaks', 'Canada', 'Armstrong', '3297 Fisk Court'),
(303, 'Pasta Palace', 'Venezuela', 'Güiria', '650 American Ash Road'),
(304, 'Cheesy Cheesesteaks', 'Indonesia', 'Bobojong', '127 Westend Way'),
(305, 'Crazy Crab Shack', 'Croatia', 'Gračec', '80021 Leroy Center'),
(306, 'Cheesy Cheesesteaks', 'Serbia', 'Palilula', '308 Northridge Drive'),
(307, 'Crazy Crab Shack', 'China', 'Ximapo', '79 Bay Crossing'),
(308, 'Mama Mia\'s Pizzeria', 'Portugal', 'Castedo', '3 Sutteridge Drive'),
(309, 'Salad Sensation', 'Israel', 'Yavne', '3659 Marcy Pass'),
(310, 'Sizzling Sushi Bar', 'Guatemala', 'Cabañas', '865 Butternut Alley'),
(311, 'Pasta Palace', 'China', 'Yulin', '645 Caliangt Parkway'),
(312, 'Cheesy Cheesesteaks', 'Mexico', 'Bellavista', '5682 Park Meadow Junction'),
(313, 'Cheesy Cheesesteaks', 'China', 'Wangdun', '5 Bobwhite Place'),
(314, 'Crazy Crab Shack', 'China', 'Huangjia', '262 Blue Bill Park Road'),
(315, 'Salad Sensation', 'Russia', 'Gostagayevskaya', '58969 Porter Terrace'),
(316, 'Pasta Palace', 'Indonesia', 'Binangun', '9 Coleman Court'),
(317, 'Burger Barn', 'Brazil', 'Jaguariúna', '3362 Londonderry Crossing'),
(318, 'Pasta Palace', 'China', 'Jiulonggang', '1101 Clyde Gallagher Plaza'),
(319, 'Sizzling Sushi Bar', 'Armenia', 'Surenavan', '3159 Dottie Trail'),
(320, 'Burger Barn', 'China', 'Gongrong', '460 Melrose Terrace'),
(321, 'Burger Barn', 'Uganda', 'Wobulenzi', '4 Chinook Trail'),
(322, 'Salad Sensation', 'Laos', 'Pakxong', '098 Graedel Point'),
(323, 'Burger Barn', 'Norway', 'Sandefjord', '75696 Texas Plaza'),
(324, 'Burger Barn', 'Russia', 'Valday', '7 Hayes Plaza'),
(325, 'Salad Sensation', 'Portugal', 'Esposende', '91 Southridge Avenue'),
(326, 'Taco Town', 'Albania', 'Fier-Çifçi', '030 East Alley'),
(327, 'Wok n\' Roll', 'France', 'Rouen', '80242 Maywood Way'),
(328, 'Sizzling Sushi Bar', 'Peru', 'Manuel Antonio Mesones Muro', '30 Northfield Hill'),
(329, 'Wok n\' Roll', 'Czech Republic', 'Dolní Počernice', '6466 Comanche Road'),
(330, 'Salad Sensation', 'Philippines', 'Manay', '889 Oneill Trail'),
(331, 'Cheesy Cheesesteaks', 'Portugal', 'Igreja', '417 Barnett Court'),
(332, 'Salad Sensation', 'Malaysia', 'Kuala Lumpur', '388 Comanche Hill'),
(333, 'Crazy Crab Shack', 'Iran', 'Isfahan', '293 Dayton Place'),
(334, 'Pasta Palace', 'Czech Republic', 'Všetaty', '40363 Nova Lane'),
(335, 'Crazy Crab Shack', 'Bolivia', 'Guayaramerín', '7 Debs Way'),
(336, 'Cheesy Cheesesteaks', 'Portugal', 'Reguenga', '19 Pankratz Crossing'),
(337, 'Burger Barn', 'China', 'Muleng', '6 New Castle Avenue'),
(338, 'Wok n\' Roll', 'Russia', 'Krasnyy Gulyay', '0943 Menomonie Plaza'),
(339, 'Taco Town', 'China', 'Huili Chengguanzhen', '406 Banding Alley'),
(340, 'Wok n\' Roll', 'Mexico', 'Benito Juarez', '539 Bonner Junction'),
(341, 'Cheesy Cheesesteaks', 'Yemen', 'Al Misrākh', '2 Northland Trail'),
(342, 'Pasta Palace', 'Russia', 'Kubachi', '57387 Meadow Ridge Alley'),
(343, 'Wok n\' Roll', 'Canada', 'Renfrew', '44 Saint Paul Pass'),
(344, 'Salad Sensation', 'China', 'Jiangcun', '61 Shelley Park'),
(345, 'Crazy Crab Shack', 'Morocco', 'Oulad Frej', '3000 Carberry Hill'),
(346, 'Pasta Palace', 'China', 'Fengxian', '5606 Roth Road'),
(347, 'Crazy Crab Shack', 'Philippines', 'Basud', '7882 Hauk Point'),
(348, 'BBQ Bonanza', 'Serbia', 'Riđica', '3350 Coolidge Terrace'),
(349, 'Taco Town', 'Indonesia', 'Ngulung Wetan', '911 Welch Point'),
(350, 'BBQ Bonanza', 'Morocco', 'Tamorot', '2592 Arapahoe Plaza'),
(351, 'Cheesy Cheesesteaks', 'Indonesia', 'Barisan', '497 Lyons Lane'),
(352, 'Salad Sensation', 'Bosnia and Herzegovina', 'Kakanj', '89503 Lakewood Gardens Avenue'),
(353, 'Wok n\' Roll', 'China', 'Xincheng', '38386 Fairview Point'),
(354, 'Taco Town', 'Russia', 'Inta', '67492 Almo Place'),
(355, 'Salad Sensation', 'China', 'Shijing', '22600 Northfield Trail'),
(356, 'Pasta Palace', 'Thailand', 'Ban Phaeo', '7674 Helena Trail'),
(357, 'Sizzling Sushi Bar', 'Ireland', 'Tallaght', '50 Darwin Street'),
(358, 'BBQ Bonanza', 'Ukraine', 'Vyshneve', '7865 Fulton Circle'),
(359, 'Wok n\' Roll', 'Armenia', 'Bambakashat', '9921 Meadow Vale Alley'),
(360, 'Taco Town', 'Ecuador', 'Ambato', '2162 Muir Hill'),
(361, 'Crazy Crab Shack', 'Saudi Arabia', 'Mizhirah', '6809 Kings Pass'),
(362, 'Taco Town', 'Tunisia', 'La Goulette', '18 Melrose Circle'),
(363, 'BBQ Bonanza', 'Japan', 'Yokotemachi', '25507 Anniversary Junction'),
(364, 'Pasta Palace', 'China', 'Qingkou', '55 Buena Vista Way'),
(365, 'Wok n\' Roll', 'Russia', 'Grazhdanka', '569 Ludington Circle'),
(366, 'BBQ Bonanza', 'Portugal', 'Tojeira', '8 Iowa Road'),
(367, 'Sizzling Sushi Bar', 'China', 'Wuyanquan', '704 Lotheville Street'),
(368, 'Burger Barn', 'China', 'Longxian', '93850 Iowa Center'),
(369, 'Burger Barn', 'China', 'Codoi', '2450 Golf Course Drive'),
(370, 'Wok n\' Roll', 'China', 'Andongwei', '4 Stuart Street'),
(371, 'Crazy Crab Shack', 'Uruguay', 'Tala', '27296 Springs Junction'),
(372, 'Cheesy Cheesesteaks', 'Panama', 'San Ignacio de Tupile', '52225 Declaration Pass'),
(373, 'Mama Mia\'s Pizzeria', 'Sierra Leone', 'Lago', '34832 Norway Maple Street'),
(374, 'Pasta Palace', 'Sweden', 'Skänninge', '3598 Anniversary Plaza'),
(375, 'Cheesy Cheesesteaks', 'Haiti', 'Gonayiv', '83864 Dottie Center'),
(376, 'Salad Sensation', 'Philippines', 'Mabayo', '7 Stoughton Circle'),
(377, 'Burger Barn', 'China', 'Chuangwang', '6 Dryden Terrace'),
(378, 'BBQ Bonanza', 'China', 'Golug', '9 Old Shore Junction'),
(379, 'Sizzling Sushi Bar', 'Indonesia', 'Campurrejo', '8 Roxbury Junction'),
(380, 'Mama Mia\'s Pizzeria', 'China', 'Fucheng', '6 Mayer Circle'),
(381, 'Salad Sensation', 'Philippines', 'Victoria', '11981 Fairfield Court'),
(382, 'BBQ Bonanza', 'Dominican Republic', 'Moca', '1049 American Ash Point'),
(383, 'Wok n\' Roll', 'Nigeria', 'Ugbokpo', '4 Meadow Valley Circle'),
(384, 'Sizzling Sushi Bar', 'United States', 'Saint Petersburg', '92 Riverside Terrace'),
(385, 'Cheesy Cheesesteaks', 'China', 'Kalpin', '62 Claremont Road'),
(386, 'Salad Sensation', 'Ukraine', 'Kopayhorod', '4543 Hagan Place'),
(387, 'BBQ Bonanza', 'China', 'Jingyao', '71 Forster Lane'),
(388, 'Sizzling Sushi Bar', 'Brazil', 'Valença do Piauí', '96 Summit Place'),
(389, 'Mama Mia\'s Pizzeria', 'Nigeria', 'Gusau', '02 Anthes Place'),
(390, 'BBQ Bonanza', 'Pakistan', 'Mīrpur Māthelo', '184 Darwin Way'),
(391, 'Taco Town', 'Indonesia', 'Sebuku', '68763 Lunder Plaza'),
(392, 'Salad Sensation', 'Portugal', 'Ereira', '772 Spohn Lane'),
(393, 'Sizzling Sushi Bar', 'Russia', 'Volzhskiy', '8 Ridgeview Junction'),
(394, 'Cheesy Cheesesteaks', 'Ukraine', 'Torkanivka', '66 Manley Way'),
(395, 'Pasta Palace', 'South Africa', 'Kruisfontein', '112 Everett Place'),
(396, 'Salad Sensation', 'Russia', 'Omsukchan', '1920 Bartillon Street'),
(397, 'Salad Sensation', 'Indonesia', 'Cidamar', '32 Bultman Parkway'),
(398, 'Pasta Palace', 'Bangladesh', 'Mādārīpur', '68 Mcguire Hill'),
(399, 'Taco Town', 'Cayman Islands', 'George Town', '90968 Calypso Parkway'),
(400, 'Pasta Palace', 'Indonesia', 'Tilamuta', '0 Northridge Avenue'),
(401, 'Cheesy Cheesesteaks', 'China', 'Shuangqiao', '3833 Cambridge Trail'),
(402, 'Taco Town', 'Sweden', 'Motala', '91201 Vera Crossing'),
(403, 'Pasta Palace', 'Indonesia', 'Gamping Lor', '4078 Banding Plaza'),
(404, 'Wok n\' Roll', 'China', 'Ma’an', '864 Sundown Drive'),
(405, 'Mama Mia\'s Pizzeria', 'China', 'Binzhou', '45397 Petterle Park'),
(406, 'Wok n\' Roll', 'Malaysia', 'Ipoh', '9188 Loeprich Road'),
(407, 'Taco Town', 'Russia', 'Spas-Zaulok', '38 Crowley Junction'),
(408, 'Burger Barn', 'Poland', 'Ruda-Huta', '003 Thackeray Place'),
(409, 'BBQ Bonanza', 'Argentina', 'La Calera', '910 Acker Alley'),
(410, 'Cheesy Cheesesteaks', 'United States', 'Philadelphia', '725 Lunder Parkway'),
(411, 'Wok n\' Roll', 'France', 'Évry', '1 Bobwhite Plaza'),
(412, 'Mama Mia\'s Pizzeria', 'Philippines', 'Malasiqui', '93 Service Pass'),
(413, 'Salad Sensation', 'Bulgaria', 'Gabrovo', '382 Corscot Hill'),
(414, 'Pasta Palace', 'Poland', 'Sabnie', '91 Vidon Lane'),
(415, 'Salad Sensation', 'United States', 'Tulsa', '80 Spenser Court'),
(416, 'Burger Barn', 'Russia', 'Marfino', '95023 6th Pass'),
(417, 'Crazy Crab Shack', 'Indonesia', 'Windusakti Hilir', '28624 Anthes Plaza'),
(418, 'Cheesy Cheesesteaks', 'Cyprus', 'Ýpsonas', '40 Shelley Crossing'),
(419, 'Pasta Palace', 'Sweden', 'Katrineholm', '56 Swallow Park'),
(420, 'Wok n\' Roll', 'Honduras', 'El Corpus', '876 Talisman Way'),
(421, 'BBQ Bonanza', 'China', 'Huiyuan', '01 Farmco Drive'),
(422, 'Wok n\' Roll', 'Finland', 'Loimaan Kunta', '9 Grayhawk Road'),
(423, 'Burger Barn', 'Canada', 'La Ronge', '087 Packers Alley'),
(424, 'Sizzling Sushi Bar', 'Palestinian Territory', 'Khān Yūnis', '0324 Dayton Court'),
(425, 'Cheesy Cheesesteaks', 'Sweden', 'Stockholm', '11084 Vermont Lane'),
(426, 'Burger Barn', 'China', 'Nawu', '81 Miller Park'),
(427, 'Salad Sensation', 'Canada', 'Princeville', '933 Gateway Court'),
(428, 'Burger Barn', 'South Africa', 'Bloemfontein', '37 David Place'),
(429, 'Pasta Palace', 'Greece', 'Zográfos', '750 Nevada Road'),
(430, 'Burger Barn', 'Philippines', 'Ternate', '6050 Jackson Parkway'),
(431, 'Mama Mia\'s Pizzeria', 'China', 'Shigu', '6915 Express Trail'),
(432, 'Wok n\' Roll', 'Thailand', 'Chaiyaphum', '482 Doe Crossing Circle'),
(433, 'Wok n\' Roll', 'Kazakhstan', 'Kostanay', '6 Bayside Lane'),
(434, 'Pasta Palace', 'Japan', 'Ibaraki', '7 Susan Avenue'),
(435, 'Crazy Crab Shack', 'Canada', 'Port Colborne', '2311 Milwaukee Center'),
(436, 'Wok n\' Roll', 'Canada', 'Carbonear', '082 Nova Point'),
(437, 'Cheesy Cheesesteaks', 'Brazil', 'Jaguariaíva', '935 Shoshone Way'),
(438, 'BBQ Bonanza', 'China', 'Mugala', '9 Drewry Terrace'),
(439, 'Taco Town', 'Finland', 'Leppävirta', '79 Spohn Crossing'),
(440, 'Salad Sensation', 'Czech Republic', 'Meziměstí', '523 Old Shore Place'),
(441, 'Sizzling Sushi Bar', 'France', 'Lille', '55827 Duke Way'),
(442, 'Pasta Palace', 'Indonesia', 'Kertasari', '667 Chinook Trail'),
(443, 'Salad Sensation', 'Sweden', 'Alingsås', '62 Heffernan Alley'),
(444, 'Wok n\' Roll', 'Madagascar', 'Mahanoro', '797 Kedzie Road'),
(445, 'BBQ Bonanza', 'China', 'Shuiyuan', '46 Fieldstone Road'),
(446, 'Burger Barn', 'China', 'Yujia', '94284 Artisan Terrace'),
(447, 'Burger Barn', 'Japan', 'Miyoshi', '023 Del Sol Junction'),
(448, 'BBQ Bonanza', 'Canada', 'La Tuque', '45 Anthes Center'),
(449, 'Cheesy Cheesesteaks', 'Thailand', 'Ban Bang Kadi Pathum Thani', '68 Larry Parkway'),
(450, 'Salad Sensation', 'Portugal', 'Pedroso', '97 Stephen Park'),
(451, 'Taco Town', 'Philippines', 'Balud', '576 Mcguire Center'),
(452, 'Crazy Crab Shack', 'Bulgaria', 'Balgarevo', '792 International Alley'),
(453, 'Crazy Crab Shack', 'Philippines', 'Polo', '0662 Westend Alley'),
(454, 'Wok n\' Roll', 'China', 'Anding', '1 Green Road'),
(455, 'Pasta Palace', 'Czech Republic', 'Dobřív', '2 Donald Alley'),
(456, 'Mama Mia\'s Pizzeria', 'Bulgaria', 'Malko Tŭrnovo', '10462 Messerschmidt Point'),
(457, 'Pasta Palace', 'Greece', 'Itéa', '45 Knutson Road'),
(458, 'Sizzling Sushi Bar', 'Indonesia', 'Sundawenang', '4506 Fair Oaks Road'),
(459, 'Taco Town', 'Slovenia', 'Pivka', '32 Gulseth Road'),
(460, 'Crazy Crab Shack', 'China', 'Dachun', '3182 Gulseth Plaza'),
(461, 'Pasta Palace', 'Sweden', 'Falun', '734 Londonderry Place'),
(462, 'Cheesy Cheesesteaks', 'Canada', 'Havre-Saint-Pierre', '1 Clyde Gallagher Place'),
(463, 'Pasta Palace', 'Ukraine', 'Pereval\'noe', '5562 Annamark Crossing'),
(464, 'Pasta Palace', 'China', 'Shifan', '32866 Tony Circle'),
(465, 'BBQ Bonanza', 'Togo', 'Bassar', '99 Arapahoe Avenue'),
(466, 'Cheesy Cheesesteaks', 'China', 'Diaopu', '48974 Bobwhite Junction'),
(467, 'Taco Town', 'China', 'Anchang', '1 Hagan Pass'),
(468, 'Mama Mia\'s Pizzeria', 'France', 'Cergy-Pontoise', '0970 Butterfield Point'),
(469, 'Sizzling Sushi Bar', 'China', 'Chuzhou', '8 Boyd Court'),
(470, 'Cheesy Cheesesteaks', 'Indonesia', 'Tanggulangin', '47 Pepper Wood Pass'),
(471, 'Burger Barn', 'Japan', 'Shiroi', '241 Manley Pass'),
(472, 'BBQ Bonanza', 'United States', 'Wilmington', '04 Dennis Junction'),
(473, 'Taco Town', 'North Korea', 'Hongwŏn', '0 Florence Alley'),
(474, 'Crazy Crab Shack', 'Russia', 'Starodub', '70 Welch Trail'),
(475, 'Cheesy Cheesesteaks', 'Armenia', 'Masis', '63923 Luster Pass'),
(476, 'Pasta Palace', 'France', 'Périgueux', '7202 Quincy Point'),
(477, 'Cheesy Cheesesteaks', 'Ukraine', 'Starychi', '5 Village Parkway'),
(478, 'Cheesy Cheesesteaks', 'Brazil', 'Barra do Bugres', '46200 Rutledge Drive'),
(479, 'BBQ Bonanza', 'Mexico', 'La Concepcion', '1 Northridge Court'),
(480, 'Crazy Crab Shack', 'Indonesia', 'Jatisari', '45908 Leroy Trail'),
(481, 'Salad Sensation', 'China', 'Shangrao', '65 Hudson Trail'),
(482, 'Taco Town', 'Indonesia', 'Sarangmeduro', '1363 Washington Street'),
(483, 'Cheesy Cheesesteaks', 'China', 'Xiangdong', '341 Old Gate Drive'),
(484, 'Sizzling Sushi Bar', 'Indonesia', 'Bojonggenteng', '13 Mandrake Plaza'),
(485, 'Mama Mia\'s Pizzeria', 'Colombia', 'Pelaya', '37080 Oakridge Road'),
(486, 'Salad Sensation', 'Albania', 'Poroçan', '148 Kenwood Drive'),
(487, 'Cheesy Cheesesteaks', 'China', 'Xinjie', '080 Springview Junction'),
(488, 'Salad Sensation', 'Sweden', 'Västerås', '24 Havey Point'),
(489, 'Burger Barn', 'Chad', 'Massaguet', '19840 Westend Alley'),
(490, 'Sizzling Sushi Bar', 'Ukraine', 'Boyany', '16 Manley Pass'),
(491, 'Salad Sensation', 'Nigeria', 'Kuta', '55484 Golf Course Lane'),
(492, 'Cheesy Cheesesteaks', 'China', 'Longyuanba', '32816 East Junction'),
(493, 'BBQ Bonanza', 'Denmark', 'København', '75 Fallview Place'),
(494, 'Sizzling Sushi Bar', 'China', 'Sufang', '5142 Holmberg Alley'),
(495, 'Taco Town', 'Philippines', 'Torrijos', '9 Westridge Point'),
(496, 'Mama Mia\'s Pizzeria', 'France', 'Bagnolet', '559 Oxford Avenue'),
(497, 'Taco Town', 'Guinea', 'Fria', '8726 Burning Wood Center'),
(498, 'Crazy Crab Shack', 'Philippines', 'Carigara', '1154 Talisman Avenue'),
(499, 'Burger Barn', 'Czech Republic', 'Lidečko', '0775 Eagle Crest Drive'),
(500, 'Wok n\' Roll', 'Brazil', 'Vitória', '2 Bay Street'),
(501, 'Salad Sensation', 'Philippines', 'Luzon', '73 Pawling Trail'),
(502, 'Mama Mia\'s Pizzeria', 'China', 'Yuanyang Zhen', '2321 Hoffman Plaza'),
(503, 'Crazy Crab Shack', 'United States', 'Independence', '22 Linden Street'),
(504, 'Cheesy Cheesesteaks', 'Portugal', 'Antes', '39186 Debra Lane'),
(505, 'Taco Town', 'Indonesia', 'Ampera', '1551 Kropf Street'),
(506, 'Cheesy Cheesesteaks', 'China', 'Jiyang', '282 Weeping Birch Lane'),
(507, 'Crazy Crab Shack', 'Indonesia', 'Ntonggu', '417 Knutson Parkway'),
(508, 'Taco Town', 'Armenia', 'Shnogh', '833 Spaight Street'),
(509, 'Cheesy Cheesesteaks', 'China', 'Meishan', '0815 Stone Corner Pass'),
(510, 'Salad Sensation', 'Indonesia', 'Pasanggrahan', '029 Lerdahl Terrace'),
(511, 'Sizzling Sushi Bar', 'Sri Lanka', 'Katunayaka', '7741 Superior Court'),
(512, 'Sizzling Sushi Bar', 'Ukraine', 'Vendychany', '05 Ludington Road'),
(513, 'Mama Mia\'s Pizzeria', 'Myanmar', 'Mawlaik', '59261 Elka Plaza'),
(514, 'Sizzling Sushi Bar', 'Japan', 'Hondo', '4 Donald Road'),
(515, 'BBQ Bonanza', 'Indonesia', 'Kotabaru', '85 Truax Street'),
(516, 'Mama Mia\'s Pizzeria', 'United States', 'Farmington', '52 Buhler Alley'),
(517, 'Taco Town', 'Indonesia', 'Naikolan', '679 Coolidge Court'),
(518, 'Cheesy Cheesesteaks', 'Indonesia', 'Kakaek', '864 Ohio Park'),
(519, 'Wok n\' Roll', 'Greece', 'Mólos', '526 Oak Street'),
(520, 'Taco Town', 'France', 'Lyon', '6 Cascade Avenue'),
(521, 'Mama Mia\'s Pizzeria', 'China', 'Xindu', '4 Cody Parkway'),
(522, 'Taco Town', 'Brazil', 'Jaguaquara', '325 Del Sol Park'),
(523, 'BBQ Bonanza', 'Portugal', 'Mina de São Domingos', '3 Scott Trail'),
(524, 'Taco Town', 'Portugal', 'Pisões', '68542 Grayhawk Center'),
(525, 'Taco Town', 'Poland', 'Rudna', '8994 Monica Drive'),
(526, 'Burger Barn', 'Poland', 'Przewóz', '98297 Eggendart Trail'),
(527, 'Cheesy Cheesesteaks', 'France', 'Morez', '9598 Lindbergh Pass'),
(528, 'Mama Mia\'s Pizzeria', 'Botswana', 'Mahalapye', '159 Dexter Court'),
(529, 'Pasta Palace', 'Mauritius', 'Albion', '4710 Fairfield Avenue'),
(530, 'Burger Barn', 'Indonesia', 'Delodpeken', '00623 Badeau Street'),
(531, 'Taco Town', 'Sweden', 'Skärholmen', '0216 Rigney Terrace'),
(532, 'Cheesy Cheesesteaks', 'Mexico', 'San Isidro', '2 Bay Drive'),
(533, 'Crazy Crab Shack', 'Azerbaijan', 'Pushkino', '06770 Florence Alley'),
(534, 'Mama Mia\'s Pizzeria', 'Sierra Leone', 'Masingbi', '587 4th Street'),
(535, 'Pasta Palace', 'Brazil', 'Limoeiro', '6 Crowley Pass'),
(536, 'Sizzling Sushi Bar', 'Poland', 'Dobrzeń Wielki', '1 Sutteridge Alley'),
(537, 'Wok n\' Roll', 'China', 'Dongcheng', '913 Cherokee Lane'),
(538, 'Burger Barn', 'China', 'Zhangjiaji', '248 Briar Crest Circle'),
(539, 'Mama Mia\'s Pizzeria', 'Poland', 'Ropa', '23 East Junction'),
(540, 'Salad Sensation', 'China', 'Lintan Chengguanzhen', '3 Center Avenue'),
(541, 'Sizzling Sushi Bar', 'Peru', 'Vitarte', '74 Ludington Center'),
(542, 'Cheesy Cheesesteaks', 'China', 'Zhuxi', '81 Valley Edge Lane'),
(543, 'Wok n\' Roll', 'Poland', 'Dzwola', '0 Judy Street'),
(544, 'Salad Sensation', 'Afghanistan', 'Babasakhib', '83 Barnett Circle'),
(545, 'Crazy Crab Shack', 'Canada', 'Asbestos', '74101 Schiller Plaza'),
(546, 'Cheesy Cheesesteaks', 'Portugal', 'Colares', '5 Paget Alley'),
(547, 'Crazy Crab Shack', 'Nigeria', 'Numan', '93486 Valley Edge Trail'),
(548, 'BBQ Bonanza', 'Russia', 'Vidnoye', '34 Buena Vista Lane'),
(549, 'Taco Town', 'Sweden', 'Norsborg', '42 Clarendon Hill'),
(550, 'Sizzling Sushi Bar', 'Indonesia', 'Citeureup', '8 Dixon Crossing'),
(551, 'Burger Barn', 'China', 'Chengfeng', '3 Muir Court'),
(552, 'BBQ Bonanza', 'China', 'Xiaohekou', '31 Anderson Center'),
(553, 'BBQ Bonanza', 'China', 'Langkou', '42 Weeping Birch Junction'),
(554, 'Salad Sensation', 'Indonesia', 'Bangeran', '716 Portage Drive'),
(555, 'Cheesy Cheesesteaks', 'China', 'Nanchangshan', '6 North Street'),
(556, 'Salad Sensation', 'Indonesia', 'Kabare', '525 East Trail'),
(557, 'BBQ Bonanza', 'China', 'Hexi', '07900 Hallows Point'),
(558, 'BBQ Bonanza', 'Somalia', 'Burao', '34 Sullivan Trail'),
(559, 'Burger Barn', 'Paraguay', 'San Cosme y Damián', '1 Maple Alley'),
(560, 'Cheesy Cheesesteaks', 'China', 'Tongjiaxi', '36 Sugar Lane'),
(561, 'BBQ Bonanza', 'Japan', 'Nishishinminato', '312 Merrick Parkway'),
(562, 'Burger Barn', 'Tanzania', 'Mugango', '388 Onsgard Way'),
(563, 'Pasta Palace', 'Ireland', 'Dunleer', '97 Golf View Crossing'),
(564, 'Burger Barn', 'Peru', 'Sangallaya', '3504 Fulton Park'),
(565, 'Mama Mia\'s Pizzeria', 'China', 'Mashui', '3 Spaight Street'),
(566, 'Sizzling Sushi Bar', 'Japan', 'Kurume', '619 Dorton Way'),
(567, 'Sizzling Sushi Bar', 'Japan', 'Shiroishi', '97943 Maple Drive'),
(568, 'Sizzling Sushi Bar', 'Sweden', 'Stockholm', '57341 Bonner Alley'),
(569, 'Wok n\' Roll', 'Argentina', 'Los Cóndores', '14 Continental Hill'),
(570, 'BBQ Bonanza', 'Philippines', 'Malawa', '49392 Harbort Hill'),
(571, 'BBQ Bonanza', 'Indonesia', 'Bangunsari', '1 Schmedeman Drive'),
(572, 'Wok n\' Roll', 'China', 'Harbin', '479 Goodland Drive'),
(573, 'Sizzling Sushi Bar', 'Indonesia', 'Sungai Raya', '8 Algoma Plaza'),
(574, 'Sizzling Sushi Bar', 'China', 'Shanting', '553 Fallview Hill'),
(575, 'Taco Town', 'Portugal', 'Guimarães', '220 Myrtle Junction'),
(576, 'Cheesy Cheesesteaks', 'Philippines', 'Santa Barbara', '9052 West Drive'),
(577, 'BBQ Bonanza', 'Sudan', 'Abū Zabad', '124 Macpherson Road'),
(578, 'Sizzling Sushi Bar', 'United States', 'Miami', '9 Dahle Parkway'),
(579, 'Crazy Crab Shack', 'China', 'Jiangkou', '017 Northport Crossing'),
(580, 'Wok n\' Roll', 'France', 'Arras', '5 Dunning Avenue'),
(581, 'Crazy Crab Shack', 'China', 'Choujiang', '08 Summit Court'),
(582, 'Mama Mia\'s Pizzeria', 'China', 'Gaotian', '70 Mendota Street'),
(583, 'Mama Mia\'s Pizzeria', 'Peru', 'San Marcos', '30 Riverside Crossing'),
(584, 'Sizzling Sushi Bar', 'China', 'Bailu', '7651 Bluejay Way'),
(585, 'BBQ Bonanza', 'Portugal', 'Mourelos', '11 Mallory Trail'),
(586, 'Wok n\' Roll', 'Ukraine', 'Krasnosilka', '90255 Scoville Crossing'),
(587, 'BBQ Bonanza', 'Albania', 'Lazarat', '22984 Vahlen Street'),
(588, 'Pasta Palace', 'United Kingdom', 'Kingston', '81 Northfield Hill'),
(589, 'Taco Town', 'China', 'Fengzhou', '0806 Vahlen Point'),
(590, 'Mama Mia\'s Pizzeria', 'Japan', 'Gyōda', '2126 Cascade Pass'),
(591, 'Mama Mia\'s Pizzeria', 'Portugal', 'Nogueira', '44537 Muir Street'),
(592, 'Pasta Palace', 'Japan', 'Katsuyama', '859 Scoville Road'),
(593, 'Cheesy Cheesesteaks', 'Brazil', 'Prudentópolis', '90693 Hanson Way'),
(594, 'Pasta Palace', 'Indonesia', 'Parajara', '516 Warner Court'),
(595, 'Taco Town', 'China', 'Haoba', '430 Dexter Drive'),
(596, 'BBQ Bonanza', 'Russia', 'Borgustanskaya', '5 Blue Bill Park Plaza'),
(597, 'Salad Sensation', 'Canada', 'Saguenay', '56048 Moose Circle'),
(598, 'Pasta Palace', 'Argentina', 'San Antonio de los Cobres', '29270 Nova Hill'),
(599, 'Sizzling Sushi Bar', 'Nepal', 'Dharān Bāzār', '35 Darwin Plaza'),
(600, 'Burger Barn', 'Indonesia', 'Umbuldamar', '1315 Green Parkway'),
(601, 'Cheesy Cheesesteaks', 'Moldova', 'Chiţcani', '6349 Oakridge Point'),
(602, 'Burger Barn', 'New Zealand', 'Kelburn', '81036 Rowland Hill'),
(603, 'Mama Mia\'s Pizzeria', 'Indonesia', 'Badung', '008 Doe Crossing Crossing'),
(604, 'Crazy Crab Shack', 'Cuba', 'Media Luna', '149 Talmadge Pass'),
(605, 'Salad Sensation', 'Indonesia', 'Cibaregbeg Dua', '75798 East Park'),
(606, 'Crazy Crab Shack', 'Japan', 'Sendai', '43492 Memorial Parkway'),
(607, 'Burger Barn', 'Indonesia', 'Noemuti', '60 Marcy Park'),
(608, 'Crazy Crab Shack', 'Russia', 'Yelan’-Kolenovskiy', '098 Fuller Parkway'),
(609, 'Mama Mia\'s Pizzeria', 'China', 'Xiaochuan', '39 Village Drive'),
(610, 'Pasta Palace', 'Panama', 'Ustupo', '052 Arizona Crossing'),
(611, 'Sizzling Sushi Bar', 'Japan', 'Muramatsu', '6604 Service Trail'),
(612, 'Crazy Crab Shack', 'Iceland', 'Hafnarfjörður', '06 Corry Park'),
(613, 'Crazy Crab Shack', 'Estonia', 'Narva-Jõesuu', '262 Moulton Plaza'),
(614, 'Pasta Palace', 'Sweden', 'Karlskoga', '2 Manufacturers Street'),
(615, 'Taco Town', 'Armenia', 'Hovtashen', '38323 Hayes Court'),
(616, 'Sizzling Sushi Bar', 'Brazil', 'Miguel Calmon', '2311 Manley Terrace'),
(617, 'Pasta Palace', 'China', 'Qingyun', '34 Forster Lane'),
(618, 'Salad Sensation', 'China', 'Haizhouwobao', '81001 South Junction'),
(619, 'Cheesy Cheesesteaks', 'China', 'Hengshi', '73848 Dennis Junction'),
(620, 'Cheesy Cheesesteaks', 'Sweden', 'Skellefteå', '2832 Colorado Drive'),
(621, 'Crazy Crab Shack', 'Russia', 'Voronezh', '97 Colorado Lane'),
(622, 'BBQ Bonanza', 'Portugal', 'Bolembre', '981 Helena Drive'),
(623, 'Crazy Crab Shack', 'Brazil', 'Coxim', '98 Clyde Gallagher Drive'),
(624, 'Mama Mia\'s Pizzeria', 'Poland', 'Kowala', '769 Fisk Terrace'),
(625, 'Wok n\' Roll', 'Indonesia', 'Cigalontang', '22 Goodland Parkway'),
(626, 'Cheesy Cheesesteaks', 'China', 'Luotuo', '10872 Crowley Street'),
(627, 'Pasta Palace', 'Indonesia', 'Kute', '597 Meadow Valley Circle'),
(628, 'Crazy Crab Shack', 'Barbados', 'Bridgetown', '22 Hazelcrest Plaza'),
(629, 'BBQ Bonanza', 'Niger', 'Magaria', '90 Grasskamp Trail'),
(630, 'Burger Barn', 'Nigeria', 'Isu', '5109 Sloan Plaza'),
(631, 'Taco Town', 'China', 'Erniusuokou', '1920 Fisk Pass'),
(632, 'Wok n\' Roll', 'Sweden', 'Övertorneå', '35805 Kipling Circle'),
(633, 'BBQ Bonanza', 'Russia', 'Manturovo', '51 Pleasure Circle'),
(634, 'BBQ Bonanza', 'Indonesia', 'Pasar', '9026 Northridge Road'),
(635, 'Crazy Crab Shack', 'Sweden', 'Öjebyn', '9395 Summerview Way'),
(636, 'Cheesy Cheesesteaks', 'Colombia', 'Sampués', '29859 Village Circle'),
(637, 'Cheesy Cheesesteaks', 'China', 'Daojiang', '04 Boyd Junction'),
(638, 'Cheesy Cheesesteaks', 'Russia', 'Lazarevskoye', '2076 Gerald Road'),
(639, 'Wok n\' Roll', 'New Zealand', 'Invercargill', '02560 Kedzie Place'),
(640, 'Taco Town', 'Sweden', 'Sölvesborg', '015 Schiller Parkway'),
(641, 'Wok n\' Roll', 'Tanzania', 'Mabamba', '71 Hansons Center'),
(642, 'Taco Town', 'Egypt', 'Dayrūţ', '6 Dixon Way'),
(643, 'BBQ Bonanza', 'Malaysia', 'Kuala Pilah', '181 Coleman Terrace'),
(644, 'Cheesy Cheesesteaks', 'Russia', 'Novomyshastovskaya', '4 Delaware Way'),
(645, 'Pasta Palace', 'Albania', 'Poshnje', '870 Manley Trail'),
(646, 'BBQ Bonanza', 'Haiti', 'Limonade', '7 Stang Drive'),
(647, 'Salad Sensation', 'Greece', 'Kallíthiron', '5542 Eggendart Parkway'),
(648, 'Pasta Palace', 'Morocco', 'Sidi Yahia el Gharb', '984 Lakeland Circle'),
(649, 'BBQ Bonanza', 'Argentina', 'Helvecia', '76 Columbus Junction'),
(650, 'Wok n\' Roll', 'Greece', 'Ágios Spyrídon', '3301 Superior Center'),
(651, 'Salad Sensation', 'Philippines', 'Looc', '0362 Cambridge Center'),
(652, 'Taco Town', 'Ukraine', 'Blahodatne', '88 Oak Place'),
(653, 'BBQ Bonanza', 'Japan', 'Nagato', '423 Cardinal Place'),
(654, 'Salad Sensation', 'Philippines', 'Libas', '6449 Cascade Pass'),
(655, 'Burger Barn', 'South Africa', 'Parys', '4 Northwestern Lane'),
(656, 'BBQ Bonanza', 'Russia', 'Knyaginino', '9429 Truax Point'),
(657, 'Wok n\' Roll', 'Russia', 'Shchelkovo', '75 Myrtle Park'),
(658, 'Mama Mia\'s Pizzeria', 'China', 'Ruixi', '26 Macpherson Court'),
(659, 'Taco Town', 'Bulgaria', 'Perushtitsa', '77005 Bowman Circle'),
(660, 'Pasta Palace', 'Russia', 'Zandak', '68 Banding Alley'),
(661, 'BBQ Bonanza', 'Poland', 'Złoczew', '8404 Upham Pass'),
(662, 'BBQ Bonanza', 'Panama', 'Gómez', '49228 Lyons Street'),
(663, 'Burger Barn', 'Poland', 'Miejska Górka', '41 Waywood Park'),
(664, 'Taco Town', 'United States', 'Shawnee Mission', '8 Division Terrace'),
(665, 'Salad Sensation', 'China', 'Jinze', '4 Debra Alley'),
(666, 'Wok n\' Roll', 'Portugal', 'Martingança-Gare', '67801 Ronald Regan Way'),
(667, 'Salad Sensation', 'China', 'Xiaruyue', '68 Drewry Crossing'),
(668, 'Mama Mia\'s Pizzeria', 'Mexico', 'San Isidro', '77399 Barnett Street'),
(669, 'Cheesy Cheesesteaks', 'Russia', 'Znamenskoye', '06456 Pond Way'),
(670, 'BBQ Bonanza', 'Iran', 'Farrokh Shahr', '733 Gerald Park'),
(671, 'Sizzling Sushi Bar', 'Australia', 'Australia Square', '57 Bonner Point'),
(672, 'Burger Barn', 'Philippines', 'Siocon', '19382 Eastlawn Avenue'),
(673, 'Wok n\' Roll', 'Serbia', 'Radenka', '872 Cambridge Junction'),
(674, 'Taco Town', 'China', 'Luxia', '18 Russell Circle'),
(675, 'Mama Mia\'s Pizzeria', 'Indonesia', 'Bongsri', '8 Randy Pass'),
(676, 'Cheesy Cheesesteaks', 'Nigeria', 'Maiyema', '0154 Buell Terrace'),
(677, 'Burger Barn', 'Sweden', 'Eskilstuna', '37 Welch Lane'),
(678, 'Cheesy Cheesesteaks', 'China', 'Mozi', '1 Prairieview Point'),
(679, 'Mama Mia\'s Pizzeria', 'Sweden', 'Gamleby', '07 Dayton Plaza'),
(680, 'Burger Barn', 'China', 'Lanling', '99385 Veith Court'),
(681, 'Wok n\' Roll', 'China', 'Shicang', '2326 Bunker Hill Road'),
(682, 'BBQ Bonanza', 'Lebanon', 'Jdaidet el Matn', '94 Portage Point'),
(683, 'Pasta Palace', 'Ukraine', 'Ozerne', '11121 Walton Parkway'),
(684, 'Taco Town', 'Croatia', 'Tenja', '131 Glendale Parkway'),
(685, 'Sizzling Sushi Bar', 'Indonesia', 'Desa Werasari', '42 Roth Park'),
(686, 'Sizzling Sushi Bar', 'Spain', 'Toledo', '812 Waubesa Alley'),
(687, 'Crazy Crab Shack', 'Croatia', 'Zdenci', '16852 Moulton Terrace'),
(688, 'BBQ Bonanza', 'Philippines', 'Kimanuit', '4149 Delaware Terrace'),
(689, 'Pasta Palace', 'Czech Republic', 'Batelov', '89589 Sunnyside Drive'),
(690, 'Mama Mia\'s Pizzeria', 'Mongolia', 'Tsalgar', '06 Troy Pass'),
(691, 'Salad Sensation', 'Indonesia', 'Rancaranji', '6283 Waxwing Road'),
(692, 'Sizzling Sushi Bar', 'Poland', 'Drawno', '938 Ridgeway Drive'),
(693, 'Wok n\' Roll', 'Latvia', 'Ādaži', '370 Commercial Center'),
(694, 'Wok n\' Roll', 'Afghanistan', 'Farah', '2 Ramsey Place'),
(695, 'Crazy Crab Shack', 'Sweden', 'Tranås', '0 Colorado Center'),
(696, 'Pasta Palace', 'Philippines', 'Alicia', '2819 Corry Hill'),
(697, 'Crazy Crab Shack', 'Azerbaijan', 'Mardakyany', '56 Nevada Park'),
(698, 'Taco Town', 'Peru', 'Huayllabamba', '4115 Di Loreto Crossing'),
(699, 'Mama Mia\'s Pizzeria', 'France', 'Bourges', '11 Hallows Pass'),
(700, 'Burger Barn', 'Poland', 'Mrozy', '502 Thackeray Street'),
(701, 'Burger Barn', 'Kazakhstan', 'Baykonyr', '12 Walton Hill'),
(702, 'Crazy Crab Shack', 'China', 'Nanqiao', '08848 Kings Drive'),
(703, 'Taco Town', 'Bulgaria', 'Chirpan', '68 Laurel Trail'),
(704, 'Cheesy Cheesesteaks', 'Indonesia', 'Krajan', '1 Summerview Point'),
(705, 'Taco Town', 'China', 'Benhao', '2696 Bellgrove Street'),
(706, 'Crazy Crab Shack', 'China', 'Baima', '1580 Dexter Street'),
(707, 'Wok n\' Roll', 'Brazil', 'Acaraú', '010 Forest Dale Circle'),
(708, 'Burger Barn', 'China', 'Leigongjian', '5 Knutson Street'),
(709, 'Salad Sensation', 'Tuvalu', 'Tanrake Village', '849 Di Loreto Pass'),
(710, 'Taco Town', 'China', 'Sanjing', '2 Village Circle'),
(711, 'BBQ Bonanza', 'China', 'Luoshe', '12 Bayside Junction'),
(712, 'Sizzling Sushi Bar', 'Jamaica', 'Ewarton', '8 Anniversary Center'),
(713, 'Wok n\' Roll', 'Nicaragua', 'Rama', '24 Melrose Pass'),
(714, 'Pasta Palace', 'Portugal', 'Sete Cidades', '1747 Miller Alley'),
(715, 'Pasta Palace', 'Indonesia', 'Barubandung', '9 Towne Alley'),
(716, 'Burger Barn', 'Portugal', 'Ribeiro', '0163 Carioca Circle'),
(717, 'Salad Sensation', 'Jamaica', 'Black River', '8 Clarendon Hill'),
(718, 'Wok n\' Roll', 'Hungary', 'Budapest', '33 Pankratz Plaza'),
(719, 'Pasta Palace', 'Mexico', 'La Esperanza', '5587 Meadow Ridge Point'),
(720, 'Wok n\' Roll', 'Indonesia', 'Tengah', '72 Golf Course Plaza'),
(721, 'Salad Sensation', 'Japan', 'Ikata-chō', '5 Green Ridge Point'),
(722, 'Taco Town', 'Guinea-Bissau', 'Bissorã', '69869 Fair Oaks Park'),
(723, 'Taco Town', 'Philippines', 'Poctol', '5 Toban Crossing'),
(724, 'Cheesy Cheesesteaks', 'Russia', 'Uglovoye', '2 Meadow Valley Plaza'),
(725, 'Sizzling Sushi Bar', 'Brazil', 'Atibaia', '78 Buhler Park'),
(726, 'Wok n\' Roll', 'Morocco', 'Touama', '3231 Rowland Hill'),
(727, 'Crazy Crab Shack', 'China', 'Fengjiang', '7 Schlimgen Street'),
(728, 'Sizzling Sushi Bar', 'Indonesia', 'Rembes', '34 Susan Place');
INSERT INTO `restauracje` (`id`, `nazwa_restauracji`, `panstwo`, `miasto`, `ulica`) VALUES
(729, 'Cheesy Cheesesteaks', 'Brazil', 'Telêmaco Borba', '17064 Vermont Crossing'),
(730, 'Taco Town', 'France', 'Châteauroux', '7 John Wall Center'),
(731, 'Taco Town', 'Sweden', 'Bohus', '35514 Susan Park'),
(732, 'Sizzling Sushi Bar', 'Turkmenistan', 'Gowurdak', '4 Algoma Alley'),
(733, 'Salad Sensation', 'Indonesia', 'Sudimara', '88004 Merrick Place'),
(734, 'BBQ Bonanza', 'Canada', 'Marieville', '48 Old Gate Drive'),
(735, 'Burger Barn', 'Malaysia', 'Kuala Lumpur', '80 Larry Street'),
(736, 'Cheesy Cheesesteaks', 'Ukraine', 'Borodino', '6099 Green Ridge Junction'),
(737, 'Wok n\' Roll', 'France', 'Nancy', '1184 Northfield Pass'),
(738, 'Cheesy Cheesesteaks', 'Philippines', 'Antipolo', '14107 Stang Alley'),
(739, 'Cheesy Cheesesteaks', 'Poland', 'Rybczewice', '916 Maple Wood Trail'),
(740, 'Pasta Palace', 'Indonesia', 'Bendo', '9115 Mosinee Road'),
(741, 'Sizzling Sushi Bar', 'Russia', 'Starokucherganovka', '16 Kim Plaza'),
(742, 'BBQ Bonanza', 'Kosovo', 'Lipljan', '45 Del Mar Plaza'),
(743, 'Sizzling Sushi Bar', 'Colombia', 'Montenegro', '2 Coleman Drive'),
(744, 'Crazy Crab Shack', 'Japan', 'Ueno', '74051 Judy Hill'),
(745, 'Sizzling Sushi Bar', 'Sweden', 'Vallentuna', '829 Anderson Plaza'),
(746, 'Wok n\' Roll', 'Dominican Republic', 'Baní', '8 Victoria Circle'),
(747, 'Salad Sensation', 'China', 'Xinxi', '60 Gulseth Parkway'),
(748, 'Crazy Crab Shack', 'China', 'Duqiao', '43 Buena Vista Road'),
(749, 'Cheesy Cheesesteaks', 'Sweden', 'Vårgårda', '8 Spohn Center'),
(750, 'Crazy Crab Shack', 'China', 'Maogang', '08 Moulton Circle'),
(751, 'Salad Sensation', 'China', 'Hainan', '31 Victoria Street'),
(752, 'Pasta Palace', 'France', 'Angers', '327 Iowa Circle'),
(753, 'Crazy Crab Shack', 'Philippines', 'Sinubong', '7557 Melody Point'),
(754, 'Wok n\' Roll', 'China', 'Zhangpu', '206 Hayes Parkway'),
(755, 'BBQ Bonanza', 'Vietnam', 'Mỹ Xuyên', '738 Vernon Place'),
(756, 'Taco Town', 'United Kingdom', 'Birmingham', '8779 Myrtle Drive'),
(757, 'Cheesy Cheesesteaks', 'China', 'Shengze', '3 Randy Hill'),
(758, 'Mama Mia\'s Pizzeria', 'Colombia', 'Barbosa', '02 Di Loreto Hill'),
(759, 'BBQ Bonanza', 'Mexico', 'San Miguel', '2369 Blue Bill Park Crossing'),
(760, 'Cheesy Cheesesteaks', 'Indonesia', 'Cihaur', '49 Ramsey Circle'),
(761, 'Burger Barn', 'China', 'Youzai', '16 Maple Wood Road'),
(762, 'Mama Mia\'s Pizzeria', 'Sweden', 'Solna', '38884 Declaration Terrace'),
(763, 'Cheesy Cheesesteaks', 'Philippines', 'Matlang', '05 Mayfield Alley'),
(764, 'BBQ Bonanza', 'Brazil', 'Caçador', '8 Melvin Alley'),
(765, 'Cheesy Cheesesteaks', 'Indonesia', 'Pogag', '9024 Express Plaza'),
(766, 'Burger Barn', 'Russia', 'Irkliyevskaya', '64213 Dennis Pass'),
(767, 'Burger Barn', 'China', 'Xingdian', '803 Maywood Trail'),
(768, 'Taco Town', 'Malaysia', 'Kuching', '5098 Starling Hill'),
(769, 'Sizzling Sushi Bar', 'Finland', 'Kiuruvesi', '08558 Rigney Lane'),
(770, 'BBQ Bonanza', 'China', 'Jinping', '119 Hauk Avenue'),
(771, 'Crazy Crab Shack', 'China', 'Jiguan', '1386 Sage Point'),
(772, 'Cheesy Cheesesteaks', 'Indonesia', 'Sritanjung', '93 Oneill Court'),
(773, 'Salad Sensation', 'Brazil', 'Barrinha', '8336 Marcy Terrace'),
(774, 'Cheesy Cheesesteaks', 'Philippines', 'Naili', '9588 Crest Line Place'),
(775, 'Salad Sensation', 'Philippines', 'Babug', '635 Parkside Street'),
(776, 'Crazy Crab Shack', 'China', 'Suqiaoxiang', '20798 Veith Place'),
(777, 'Mama Mia\'s Pizzeria', 'Russia', 'Ikey', '92 Comanche Terrace'),
(778, 'Pasta Palace', 'Mexico', 'Francisco I Madero', '8 Corben Lane'),
(779, 'Taco Town', 'Greece', 'Drosáto', '22 Artisan Road'),
(780, 'Cheesy Cheesesteaks', 'Cyprus', 'Meneou', '47032 Crowley Avenue'),
(781, 'Cheesy Cheesesteaks', 'Sweden', 'Stockholm', '5 Kipling Street'),
(782, 'Taco Town', 'Armenia', 'Zorak', '25059 Oriole Avenue'),
(783, 'Wok n\' Roll', 'Faroe Islands', 'Miðvágur', '25359 Alpine Point'),
(784, 'Pasta Palace', 'South Korea', 'Pohang', '4 Carioca Court'),
(785, 'Wok n\' Roll', 'China', 'Liangjing', '746 Rusk Park'),
(786, 'Salad Sensation', 'Indonesia', 'Kalapadua', '8194 Grasskamp Park'),
(787, 'Pasta Palace', 'France', 'Marly-le-Roi', '0491 Lyons Alley'),
(788, 'Crazy Crab Shack', 'Ukraine', 'Velykyy Klyuchiv', '52 Prairie Rose Alley'),
(789, 'Sizzling Sushi Bar', 'Gambia', 'Bureng', '22063 Nobel Street'),
(790, 'BBQ Bonanza', 'Indonesia', 'Billa', '1 Morrow Point'),
(791, 'Crazy Crab Shack', 'Norway', 'Oslo', '0715 Dexter Avenue'),
(792, 'Salad Sensation', 'Argentina', 'Tecka', '61211 Esker Place'),
(793, 'Taco Town', 'China', 'Nanhe', '34 Menomonie Way'),
(794, 'Burger Barn', 'Kosovo', 'Strellc i Epërm', '56277 2nd Alley'),
(795, 'Crazy Crab Shack', 'Poland', 'Filipowice', '365 Thackeray Park'),
(796, 'Wok n\' Roll', 'China', 'Dongyuan', '68699 Upham Drive'),
(797, 'Salad Sensation', 'Albania', 'Kthella e Epërme', '02 Westport Plaza'),
(798, 'BBQ Bonanza', 'China', 'Zhichanghe', '20730 Bayside Park'),
(799, 'Wok n\' Roll', 'Argentina', 'Pico Truncado', '86923 Reinke Junction'),
(800, 'Mama Mia\'s Pizzeria', 'China', 'Huangtang', '14 Summerview Lane'),
(801, 'Salad Sensation', 'China', 'Wangqu', '5395 Welch Road'),
(802, 'Wok n\' Roll', 'Russia', 'Podkumskiy', '8 Dahle Point'),
(803, 'Burger Barn', 'Russia', 'Kstovo', '25065 Algoma Road'),
(804, 'BBQ Bonanza', 'Gambia', 'Sabi', '536 Reinke Crossing'),
(805, 'Cheesy Cheesesteaks', 'China', 'Wuqu', '242 Judy Junction'),
(806, 'Burger Barn', 'Philippines', 'Subic', '83263 Forest Trail'),
(807, 'Pasta Palace', 'Uganda', 'Amolatar', '88945 Schlimgen Point'),
(808, 'Burger Barn', 'Moldova', 'Biruinţa', '93 Summer Ridge Avenue'),
(809, 'Salad Sensation', 'Brazil', 'Novo Hamburgo', '13 Loeprich Hill'),
(810, 'Sizzling Sushi Bar', 'Portugal', 'Fonte', '9811 Pawling Crossing'),
(811, 'Wok n\' Roll', 'Russia', 'Novoshakhtinskiy', '62 Sycamore Trail'),
(812, 'Salad Sensation', 'Guinea-Bissau', 'Bafatá', '1233 Dunning Pass'),
(813, 'Cheesy Cheesesteaks', 'Russia', 'Grazhdanka', '896 Springview Center'),
(814, 'Cheesy Cheesesteaks', 'Syria', 'Al Kiswah', '7560 Toban Plaza'),
(815, 'Wok n\' Roll', 'Indonesia', 'Mesa', '6101 Mallory Avenue'),
(816, 'Mama Mia\'s Pizzeria', 'Sweden', 'Huddinge', '2624 Swallow Road'),
(817, 'Taco Town', 'China', 'Lijia', '64 Arkansas Center'),
(818, 'Taco Town', 'China', 'Xingang', '78 Monument Road'),
(819, 'Sizzling Sushi Bar', 'Russia', 'Staronizhestebliyevskaya', '038 Arapahoe Alley'),
(820, 'Wok n\' Roll', 'Indonesia', 'Tolomango', '018 Reindahl Drive'),
(821, 'Mama Mia\'s Pizzeria', 'El Salvador', 'San Sebastián', '593 Golf View Terrace'),
(822, 'Mama Mia\'s Pizzeria', 'Slovenia', 'Velenje', '93 Iowa Pass'),
(823, 'Wok n\' Roll', 'Indonesia', 'Sindang', '346 Charing Cross Street'),
(824, 'Taco Town', 'Canada', 'Mirabel', '3 Gale Pass'),
(825, 'Cheesy Cheesesteaks', 'Philippines', 'Fuerte', '899 Moland Street'),
(826, 'Wok n\' Roll', 'China', 'Liuzhi', '67 Cordelia Street'),
(827, 'Burger Barn', 'Poland', 'Okocim', '002 Vernon Terrace'),
(828, 'Sizzling Sushi Bar', 'Poland', 'Izbicko', '7557 Cordelia Alley'),
(829, 'Wok n\' Roll', 'Brazil', 'Belo Oriente', '462 Forster Pass'),
(830, 'Cheesy Cheesesteaks', 'Honduras', 'San José', '75 Darwin Way'),
(831, 'Pasta Palace', 'Honduras', 'Minas de Oro', '87 Mallory Circle'),
(832, 'Burger Barn', 'Indonesia', 'Bagiktinggang', '19030 Scoville Pass'),
(833, 'Cheesy Cheesesteaks', 'Venezuela', 'Maracay', '279 Toban Way'),
(834, 'Pasta Palace', 'Indonesia', 'Cimadang', '7 Welch Alley'),
(835, 'Sizzling Sushi Bar', 'Philippines', 'Mangero', '2 Granby Way'),
(836, 'Taco Town', 'Thailand', 'Damnoen Saduak', '3416 Oak Lane'),
(837, 'Wok n\' Roll', 'China', 'Tianshan', '45360 Helena Court'),
(838, 'Wok n\' Roll', 'Czech Republic', 'Zbraslav', '6 Mallard Alley'),
(839, 'Salad Sensation', 'South Africa', 'Rustenburg', '29318 Glacier Hill Avenue'),
(840, 'BBQ Bonanza', 'Belize', 'Belize City', '5 Blackbird Center'),
(841, 'Sizzling Sushi Bar', 'Norway', 'Trondheim', '78713 Surrey Parkway'),
(842, 'Crazy Crab Shack', 'China', 'Liji', '9 Bellgrove Pass'),
(843, 'Salad Sensation', 'Dominican Republic', 'Cachón', '1413 Pearson Lane'),
(844, 'BBQ Bonanza', 'Brazil', 'Macaíba', '25501 Packers Alley'),
(845, 'Salad Sensation', 'China', 'Toubao', '663 Springs Trail'),
(846, 'Cheesy Cheesesteaks', 'Kazakhstan', 'Talghar', '1 Tomscot Court'),
(847, 'Sizzling Sushi Bar', 'Brazil', 'Agudos', '1050 Morning Circle'),
(848, 'Cheesy Cheesesteaks', 'Thailand', 'Na Yong', '67 Bluejay Alley'),
(849, 'Wok n\' Roll', 'China', 'Si’en', '271 Doe Crossing Way'),
(850, 'Pasta Palace', 'Albania', 'Fushëkuqe', '89512 Valley Edge Hill'),
(851, 'Sizzling Sushi Bar', 'Brazil', 'Nortelândia', '37096 Fisk Crossing'),
(852, 'BBQ Bonanza', 'Poland', 'Wielka Nieszawka', '297 Victoria Parkway'),
(853, 'Taco Town', 'Kazakhstan', 'Energeticheskiy', '66618 6th Circle'),
(854, 'Salad Sensation', 'Brazil', 'Jandaia do Sul', '3 Autumn Leaf Point'),
(855, 'Burger Barn', 'Pakistan', 'Jhang Sadr', '264 Golf View Junction'),
(856, 'Salad Sensation', 'Chad', 'Bitkine', '8 Ridge Oak Crossing'),
(857, 'Pasta Palace', 'Mozambique', 'Lichinga', '19 High Crossing Circle'),
(858, 'Cheesy Cheesesteaks', 'Russia', 'Mukhen', '03210 Upham Parkway'),
(859, 'Pasta Palace', 'Greece', 'Nerokoúros', '37 Sauthoff Lane'),
(860, 'Burger Barn', 'Indonesia', 'Kawaliwu', '748 Del Sol Point'),
(861, 'Pasta Palace', 'Honduras', 'Nombre de Jesús', '49597 Crowley Point'),
(862, 'Mama Mia\'s Pizzeria', 'China', 'Taoyang', '4943 Heath Terrace'),
(863, 'Crazy Crab Shack', 'China', 'Kamru', '05717 Crescent Oaks Parkway'),
(864, 'Pasta Palace', 'China', 'Xiaoxi', '750 Continental Junction'),
(865, 'Taco Town', 'Philippines', 'Mamonit', '20158 Eagan Circle'),
(866, 'Cheesy Cheesesteaks', 'Nigeria', 'Tegina', '6746 Nevada Pass'),
(867, 'Mama Mia\'s Pizzeria', 'France', 'Bourg-en-Bresse', '53 Milwaukee Plaza'),
(868, 'Pasta Palace', 'El Salvador', 'Santa Rosa de Lima', '48222 Becker Parkway'),
(869, 'Burger Barn', 'Kenya', 'Siaya', '68 Forster Park'),
(870, 'Burger Barn', 'China', 'Marxog', '23 Kim Terrace'),
(871, 'Pasta Palace', 'Indonesia', 'Kalidung', '2 Dwight Hill'),
(872, 'Burger Barn', 'China', 'Shekou', '10459 Michigan Place'),
(873, 'Crazy Crab Shack', 'Brazil', 'Buritis', '7 Jackson Way'),
(874, 'Burger Barn', 'Ukraine', 'Kharkiv', '2 Old Gate Pass'),
(875, 'Taco Town', 'Czech Republic', 'Milevsko', '546 John Wall Center'),
(876, 'BBQ Bonanza', 'Greece', 'Megáli Khóra', '08 Bowman Pass'),
(877, 'Crazy Crab Shack', 'North Korea', 'Najin', '09831 Victoria Hill'),
(878, 'Salad Sensation', 'China', 'Sancha', '66 North Way'),
(879, 'Cheesy Cheesesteaks', 'Croatia', 'Lopar', '8 Lukken Plaza'),
(880, 'Salad Sensation', 'Bhutan', 'Punākha', '51204 Dakota Trail'),
(881, 'Cheesy Cheesesteaks', 'Tunisia', 'Bizerte', '19003 Oneill Crossing'),
(882, 'Crazy Crab Shack', 'Mexico', 'Emiliano Zapata', '6198 Comanche Pass'),
(883, 'Pasta Palace', 'Sweden', 'Stockholm', '3278 Hoard Place'),
(884, 'Mama Mia\'s Pizzeria', 'Japan', 'Kamigyō-ku', '59336 Fair Oaks Road'),
(885, 'Sizzling Sushi Bar', 'Brazil', 'Açu', '8 Dixon Lane'),
(886, 'Crazy Crab Shack', 'Croatia', 'Ljubešćica', '28438 Eastlawn Center'),
(887, 'Pasta Palace', 'China', 'Zhencheng', '26 La Follette Drive'),
(888, 'Pasta Palace', 'Portugal', 'Miratejo', '6672 Valley Edge Street'),
(889, 'Mama Mia\'s Pizzeria', 'Japan', 'Ōbu', '526 Nova Road'),
(890, 'Pasta Palace', 'Indonesia', 'Panggungwinong', '82035 Towne Way'),
(891, 'Mama Mia\'s Pizzeria', 'Tajikistan', 'Danghara', '2 Pawling Hill'),
(892, 'Taco Town', 'Philippines', 'Aroroy', '011 Old Shore Point'),
(893, 'Sizzling Sushi Bar', 'China', 'Yuandianhui', '7 Manufacturers Lane'),
(894, 'Wok n\' Roll', 'Russia', 'Mendeleyevskiy', '518 Parkside Court'),
(895, 'Crazy Crab Shack', 'Poland', 'Świeradów-Zdrój', '3781 Evergreen Park'),
(896, 'Mama Mia\'s Pizzeria', 'Indonesia', 'Nginokrajan', '6 Ridgeview Drive'),
(897, 'Sizzling Sushi Bar', 'Botswana', 'Mathambgwane', '822 Katie Circle'),
(898, 'Mama Mia\'s Pizzeria', 'France', 'Paris 08', '452 Anzinger Center'),
(899, 'Mama Mia\'s Pizzeria', 'Indonesia', 'Mislak', '4853 Arrowood Center'),
(900, 'Wok n\' Roll', 'Poland', 'Rzyki', '0 Northview Hill'),
(901, 'Cheesy Cheesesteaks', 'Russia', 'Ust’-Kut', '961 American Ash Hill'),
(902, 'Salad Sensation', 'Belarus', 'Narach', '6474 Buhler Pass'),
(903, 'Mama Mia\'s Pizzeria', 'China', 'Taoshan', '09884 Dayton Park'),
(904, 'Taco Town', 'Croatia', 'Karlobag', '820 Tomscot Center'),
(905, 'Cheesy Cheesesteaks', 'Kazakhstan', 'Taldyqorghan', '55 Morningstar Terrace'),
(906, 'Mama Mia\'s Pizzeria', 'Palestinian Territory', 'Aţ Ţaybah', '9 Morningstar Pass'),
(907, 'Taco Town', 'Pakistan', 'Jām Sāhib', '5 Village Green Alley'),
(908, 'Crazy Crab Shack', 'Indonesia', 'Wahai', '10 Rusk Center'),
(909, 'Crazy Crab Shack', 'Philippines', 'Albuera', '840 Eagan Lane'),
(910, 'Crazy Crab Shack', 'Sweden', 'Farsta', '18 Blaine Trail'),
(911, 'Sizzling Sushi Bar', 'Croatia', 'Greda', '38345 John Wall Avenue'),
(912, 'Wok n\' Roll', 'Russia', 'Buturlinovka', '3 Morningstar Road'),
(913, 'Sizzling Sushi Bar', 'Philippines', 'Caminauit', '459 Ilene Parkway'),
(914, 'Crazy Crab Shack', 'Mexico', 'La Escondida', '560 Buhler Terrace'),
(915, 'Mama Mia\'s Pizzeria', 'Russia', 'Shakhta', '5442 Clyde Gallagher Park'),
(916, 'Salad Sensation', 'China', 'Haikou', '841 Old Shore Plaza'),
(917, 'Crazy Crab Shack', 'Syria', 'Jablah', '89570 Redwing Place'),
(918, 'Wok n\' Roll', 'Brazil', 'Poá', '999 Browning Park'),
(919, 'Mama Mia\'s Pizzeria', 'Chile', 'Los Andes', '55 Almo Junction'),
(920, 'Cheesy Cheesesteaks', 'China', 'Xinye', '93351 Haas Pass'),
(921, 'Crazy Crab Shack', 'Russia', 'Prokhladnyy', '616 Lakeland Road'),
(922, 'Taco Town', 'Iran', 'Āq Qāyeh', '8 Green Place'),
(923, 'Mama Mia\'s Pizzeria', 'China', 'Xinshao', '42987 Sunfield Hill'),
(924, 'Pasta Palace', 'Brazil', 'Vespasiano', '563 Birchwood Center'),
(925, 'Pasta Palace', 'Mongolia', 'Arvayheer', '366 Bobwhite Road'),
(926, 'Cheesy Cheesesteaks', 'China', 'Yushugou', '16805 Waywood Court'),
(927, 'Burger Barn', 'Ghana', 'Mamponteng', '9930 Debs Place'),
(928, 'Wok n\' Roll', 'Russia', 'Piterka', '2 Golf View Way'),
(929, 'Pasta Palace', 'Poland', 'Wschowa', '418 Stuart Street'),
(930, 'Burger Barn', 'Poland', 'Łęknica', '2 Heffernan Pass'),
(931, 'Salad Sensation', 'Finland', 'Ylitornio', '68554 Hagan Street'),
(932, 'BBQ Bonanza', 'Bonaire; Saint Eustatius and Saba ', 'Upper Hell\'s Gate', '90 Holmberg Trail'),
(933, 'Crazy Crab Shack', 'Philippines', 'Pudoc North', '46 Anzinger Point'),
(934, 'Wok n\' Roll', 'China', 'Huishangang', '9 Monument Park'),
(935, 'Sizzling Sushi Bar', 'Ukraine', 'Dvorichna', '065 Golf Avenue'),
(936, 'Pasta Palace', 'United States', 'Tulsa', '81 Dottie Pass'),
(937, 'Taco Town', 'North Korea', 'Sakchu-ŭp', '625 Texas Junction'),
(938, 'Salad Sensation', 'Portugal', 'Vila Chã de Ourique', '7235 Kinsman Junction'),
(939, 'Wok n\' Roll', 'Indonesia', 'Krajan', '4144 South Alley'),
(940, 'Pasta Palace', 'China', 'Tongzhong', '64 Canary Avenue'),
(941, 'Sizzling Sushi Bar', 'Myanmar', 'Maubin', '231 Mesta Road'),
(942, 'Cheesy Cheesesteaks', 'Haiti', 'Carrefour', '78 Schurz Point'),
(943, 'BBQ Bonanza', 'Indonesia', 'Krajan Karangsari', '2 Burning Wood Trail'),
(944, 'Pasta Palace', 'Vietnam', 'Pleiku', '28 Homewood Court'),
(945, 'BBQ Bonanza', 'Finland', 'Outokumpu', '2 Thierer Terrace'),
(946, 'Burger Barn', 'Libya', 'Al Abyār', '61228 Anniversary Center'),
(947, 'Taco Town', 'China', 'Qingyun', '600 Warbler Pass'),
(948, 'Burger Barn', 'Brazil', 'Guaíra', '25 Northview Park'),
(949, 'Pasta Palace', 'Bulgaria', 'Vidin', '94 Farwell Terrace'),
(950, 'Pasta Palace', 'Poland', 'Przasnysz', '10 Judy Road'),
(951, 'Pasta Palace', 'Indonesia', 'Tegalloa', '9998 Almo Center'),
(952, 'Pasta Palace', 'Brazil', 'Paracatu', '317 Oxford Park'),
(953, 'Sizzling Sushi Bar', 'Thailand', 'Bangkok', '3492 Florence Center'),
(954, 'Pasta Palace', 'Nigeria', 'Bokkos', '34068 Graceland Trail'),
(955, 'Burger Barn', 'Sweden', 'Västerås', '1326 Bayside Road'),
(956, 'Wok n\' Roll', 'Armenia', 'Maralik', '14 Holy Cross Terrace'),
(957, 'Taco Town', 'Portugal', 'Gramaços', '99 Donald Lane'),
(958, 'Cheesy Cheesesteaks', 'Nigeria', 'Abeokuta', '2266 Helena Point'),
(959, 'Taco Town', 'Ukraine', 'Neresnytsya', '19762 Badeau Hill'),
(960, 'Pasta Palace', 'Vietnam', 'Xuân Trường', '2 Little Fleur Plaza'),
(961, 'Mama Mia\'s Pizzeria', 'Madagascar', 'Betafo', '833 Westport Point'),
(962, 'Taco Town', 'Russia', 'Pallasovka', '28 Green Parkway'),
(963, 'Salad Sensation', 'Sweden', 'Sundbyberg', '4 Almo Pass'),
(964, 'Crazy Crab Shack', 'Russia', 'Orsk', '867 Gina Road'),
(965, 'Crazy Crab Shack', 'Greece', 'Níkaia', '83578 Starling Junction'),
(966, 'Mama Mia\'s Pizzeria', 'Syria', '‘Ayn al ‘Arab', '1153 Green Drive'),
(967, 'Pasta Palace', 'China', 'Xiayang', '89 Shelley Terrace'),
(968, 'Pasta Palace', 'Portugal', 'Seixezelo', '82 Sullivan Parkway'),
(969, 'Burger Barn', 'Bolivia', 'San Ignacio de Velasco', '22 Grasskamp Pass'),
(970, 'Salad Sensation', 'South Africa', 'Vredefort', '12 Towne Lane'),
(971, 'Sizzling Sushi Bar', 'Brazil', 'Nova Venécia', '6773 Petterle Pass'),
(972, 'Pasta Palace', 'Macedonia', 'Negotino', '1 Holmberg Point'),
(973, 'Cheesy Cheesesteaks', 'Portugal', 'Cortiços', '69 Northfield Pass'),
(974, 'Mama Mia\'s Pizzeria', 'Iran', 'Yazd', '781 Forest Run Circle'),
(975, 'BBQ Bonanza', 'Argentina', 'Bell Ville', '884 Manufacturers Plaza'),
(976, 'Mama Mia\'s Pizzeria', 'China', 'Changqiao', '51 Summerview Park'),
(977, 'Pasta Palace', 'China', 'Pingdingbu', '28056 Portage Park'),
(978, 'Mama Mia\'s Pizzeria', 'Philippines', 'Santa Cruz', '431 Kedzie Parkway'),
(979, 'Pasta Palace', 'Ukraine', 'Novyy Svit', '5839 Eagan Place'),
(980, 'Pasta Palace', 'Uganda', 'Alebtong', '2 Mesta Pass'),
(981, 'Burger Barn', 'Philippines', 'Dado', '3145 Express Court'),
(982, 'Pasta Palace', 'Poland', 'Wydminy', '2785 Declaration Junction'),
(983, 'Taco Town', 'Indonesia', 'Oetua', '932 Vermont Drive'),
(984, 'Pasta Palace', 'Philippines', 'Tubod', '7725 Fairfield Alley'),
(985, 'Salad Sensation', 'Indonesia', 'Cimanggu Wetan', '607 Lakewood Gardens Hill'),
(986, 'Mama Mia\'s Pizzeria', 'China', 'Chenfangji', '469 Vidon Street'),
(987, 'Burger Barn', 'Croatia', 'Prelog', '493 Pennsylvania Center'),
(988, 'BBQ Bonanza', 'China', 'Shishan', '76 3rd Way'),
(989, 'Cheesy Cheesesteaks', 'China', 'Xinglongquan', '168 La Follette Center'),
(990, 'Pasta Palace', 'United States', 'Biloxi', '28 Aberg Pass'),
(991, 'Cheesy Cheesesteaks', 'Greece', 'Limenária', '82 Lotheville Terrace'),
(992, 'Wok n\' Roll', 'Honduras', 'Morazán', '494 Goodland Circle'),
(993, 'Burger Barn', 'Pakistan', 'New Mīrpur', '55 Jenifer Street'),
(994, 'Salad Sensation', 'Colombia', 'Galán', '3076 Parkside Terrace'),
(995, 'Taco Town', 'El Salvador', 'Metapán', '288 Saint Paul Point'),
(996, 'Mama Mia\'s Pizzeria', 'Kenya', 'Kilifi', '2515 School Junction'),
(997, 'Mama Mia\'s Pizzeria', 'Nepal', 'Bardiyā', '6235 Summit Road'),
(998, 'Mama Mia\'s Pizzeria', 'China', 'Daying', '36205 Ludington Way'),
(999, 'Burger Barn', 'Indonesia', 'Mandala', '45962 Everett Street'),
(1000, 'Cheesy Cheesesteaks', 'Indonesia', 'Tlogowungu', '5 Namekagon Road'),
(1001, 'Crazy Crab Shack', 'China', 'Huayuan', '792 Crescent Oaks Road'),
(1002, 'Wok n\' Roll', 'Russia', 'Shagonar', '95 Loftsgordon Parkway'),
(1003, 'Sizzling Sushi Bar', 'Peru', 'Capacmarca', '9667 Fordem Court'),
(1004, 'Cheesy Cheesesteaks', 'Mongolia', 'Naran-mandokhu Somon', '0 Anzinger Crossing'),
(1005, 'Wok n\' Roll', 'Brazil', 'Guaratuba', '916 Maple Center'),
(1006, 'BBQ Bonanza', 'China', 'Liucun', '0 Porter Crossing');

-- --------------------------------------------------------

--
-- Struktura tabeli dla tabeli `restauracje_dania`
--

CREATE TABLE `restauracje_dania` (
  `id_restauracja` int(11) NOT NULL,
  `id_dania` int(11) NOT NULL
) ENGINE=InnoDB DEFAULT CHARSET=utf8mb4 COLLATE=utf8mb4_general_ci;

--
-- Dumping data for table `restauracje_dania`
--

INSERT INTO `restauracje_dania` (`id_restauracja`, `id_dania`) VALUES
(1, 1),
(1, 4),
(1, 5),
(1, 7),
(1, 10),
(2, 2),
(2, 3),
(2, 11),
(2, 14),
(2, 15),
(3, 6),
(3, 8),
(3, 9),
(3, 12),
(3, 13),
(4, 16),
(4, 19),
(4, 20),
(4, 28),
(4, 29),
(5, 17),
(5, 18),
(5, 25),
(5, 26),
(5, 30),
(6, 21),
(6, 22),
(6, 23),
(6, 24),
(6, 27),
(7, 703),
(8, 310),
(8, 507),
(9, 66),
(10, 220),
(11, 321),
(14, 362),
(18, 175),
(18, 994),
(19, 643),
(21, 364),
(21, 787),
(22, 227),
(23, 131),
(23, 375),
(24, 369),
(24, 858),
(25, 6),
(27, 745),
(27, 831),
(28, 59),
(31, 395),
(31, 650),
(32, 777),
(33, 605),
(34, 906),
(36, 627),
(36, 803),
(38, 78),
(40, 794),
(41, 132),
(41, 201),
(41, 1020),
(42, 170),
(43, 539),
(44, 133),
(44, 933),
(46, 272),
(46, 604),
(47, 400),
(48, 872),
(50, 984),
(52, 291),
(55, 548),
(56, 754),
(58, 524),
(59, 381),
(60, 548),
(62, 111),
(62, 331),
(62, 471),
(63, 449),
(64, 707),
(66, 396),
(67, 479),
(68, 264),
(68, 954),
(71, 942),
(72, 136),
(72, 565),
(73, 333),
(75, 796),
(75, 814),
(76, 181),
(78, 359),
(82, 135),
(83, 26),
(83, 970),
(87, 616),
(89, 499),
(92, 132),
(92, 152),
(93, 461),
(94, 952),
(95, 192),
(95, 972),
(98, 146),
(99, 358),
(99, 575),
(100, 173),
(100, 798),
(101, 761),
(102, 741),
(102, 769),
(102, 965),
(103, 354),
(103, 596),
(103, 776),
(104, 667),
(107, 36),
(107, 771),
(107, 910),
(108, 484),
(109, 66),
(109, 686),
(110, 468),
(111, 149),
(112, 585),
(113, 242),
(116, 471),
(116, 740),
(117, 57),
(117, 209),
(119, 71),
(120, 663),
(121, 14),
(121, 1019),
(123, 71),
(124, 224),
(126, 945),
(127, 800),
(127, 931),
(128, 163),
(128, 573),
(128, 658),
(129, 813),
(130, 1013),
(132, 17),
(135, 701),
(141, 23),
(141, 57),
(141, 653),
(143, 488),
(144, 459),
(145, 252),
(145, 671),
(145, 744),
(147, 168),
(147, 535),
(148, 513),
(148, 836),
(150, 422),
(150, 458),
(151, 396),
(152, 646),
(153, 1000),
(154, 345),
(154, 393),
(155, 248),
(156, 80),
(156, 305),
(158, 405),
(158, 600),
(159, 488),
(162, 106),
(164, 114),
(164, 718),
(165, 51),
(165, 397),
(165, 782),
(166, 852),
(171, 480),
(171, 589),
(173, 40),
(173, 285),
(173, 500),
(173, 647),
(177, 529),
(178, 55),
(179, 386),
(181, 355),
(182, 284),
(182, 328),
(185, 489),
(185, 803),
(186, 100),
(186, 247),
(193, 517),
(193, 654),
(194, 555),
(194, 675),
(198, 177),
(200, 199),
(200, 455),
(202, 31),
(203, 238),
(203, 439),
(204, 66),
(204, 931),
(207, 20),
(207, 188),
(208, 855),
(208, 1008),
(210, 374),
(213, 857),
(214, 46),
(214, 74),
(214, 737),
(215, 382),
(215, 860),
(215, 914),
(216, 262),
(217, 35),
(217, 181),
(217, 723),
(217, 835),
(219, 312),
(219, 336),
(219, 954),
(220, 215),
(220, 1018),
(222, 128),
(222, 476),
(223, 132),
(223, 443),
(223, 699),
(224, 738),
(224, 793),
(225, 491),
(226, 623),
(226, 684),
(228, 125),
(228, 575),
(229, 719),
(230, 179),
(230, 218),
(230, 335),
(230, 487),
(231, 694),
(233, 177),
(234, 446),
(234, 803),
(235, 539),
(239, 177),
(239, 338),
(240, 559),
(240, 878),
(241, 33),
(241, 440),
(242, 238),
(242, 914),
(243, 432),
(243, 876),
(244, 595),
(244, 790),
(245, 899),
(246, 354),
(246, 433),
(247, 692),
(249, 999),
(253, 296),
(253, 793),
(255, 217),
(258, 906),
(259, 373),
(259, 826),
(260, 411),
(262, 408),
(262, 950),
(263, 209),
(263, 234),
(263, 312),
(263, 759),
(265, 336),
(265, 689),
(268, 512),
(271, 902),
(273, 51),
(275, 312),
(276, 444),
(276, 584),
(277, 738),
(278, 662),
(279, 579),
(281, 857),
(282, 522),
(282, 924),
(284, 254),
(287, 17),
(287, 280),
(288, 202),
(288, 360),
(289, 122),
(289, 312),
(291, 795),
(291, 860),
(294, 269),
(294, 448),
(294, 862),
(295, 192),
(295, 439),
(295, 948),
(298, 227),
(298, 482),
(298, 962),
(299, 259),
(301, 594),
(302, 981),
(303, 371),
(303, 506),
(305, 62),
(305, 153),
(307, 418),
(307, 594),
(309, 627),
(310, 662),
(311, 113),
(312, 57),
(312, 79),
(313, 159),
(313, 811),
(315, 1020),
(317, 470),
(319, 31),
(319, 795),
(320, 160),
(321, 778),
(321, 1008),
(322, 188),
(323, 135),
(323, 310),
(325, 310),
(326, 369),
(328, 552),
(328, 982),
(329, 374),
(329, 516),
(329, 751),
(330, 264),
(330, 636),
(330, 774),
(331, 197),
(335, 312),
(335, 345),
(335, 665),
(336, 220),
(337, 55),
(338, 1005),
(340, 779),
(341, 29),
(342, 631),
(344, 985),
(346, 226),
(347, 688),
(349, 144),
(349, 321),
(349, 538),
(349, 716),
(350, 128),
(350, 619),
(350, 964),
(352, 251),
(352, 588),
(355, 113),
(355, 954),
(356, 179),
(356, 823),
(357, 181),
(357, 946),
(358, 130),
(359, 756),
(359, 772),
(366, 896),
(366, 935),
(369, 129),
(372, 985),
(374, 547),
(375, 288),
(376, 510),
(377, 567),
(377, 791),
(378, 140),
(378, 332),
(378, 590),
(380, 691),
(380, 806),
(381, 430),
(381, 586),
(381, 709),
(382, 955),
(383, 157),
(383, 316),
(383, 1005),
(386, 626),
(387, 687),
(387, 738),
(388, 131),
(390, 674),
(390, 1001),
(391, 2),
(391, 764),
(391, 833),
(392, 464),
(394, 317),
(396, 726),
(397, 759),
(400, 163),
(401, 834),
(402, 444),
(402, 1001),
(404, 116),
(404, 654),
(406, 13),
(406, 741),
(408, 47),
(409, 648),
(409, 799),
(410, 761),
(412, 292),
(412, 826),
(414, 82),
(414, 961),
(415, 774),
(416, 8),
(417, 927),
(423, 468),
(425, 93),
(425, 106),
(426, 998),
(427, 439),
(427, 731),
(428, 276),
(428, 349),
(429, 96),
(431, 650),
(434, 164),
(434, 857),
(437, 162),
(438, 746),
(439, 116),
(440, 193),
(442, 533),
(442, 667),
(445, 470),
(445, 609),
(445, 765),
(446, 545),
(446, 732),
(447, 535),
(447, 565),
(447, 1001),
(449, 503),
(449, 769),
(449, 960),
(450, 5),
(450, 357),
(451, 21),
(452, 571),
(453, 351),
(454, 182),
(455, 74),
(458, 107),
(459, 368),
(461, 546),
(462, 667),
(462, 871),
(463, 6),
(463, 290),
(464, 95),
(465, 756),
(466, 13),
(466, 795),
(467, 65),
(467, 913),
(468, 63),
(468, 348),
(469, 62),
(471, 110),
(471, 640),
(473, 510),
(475, 942),
(476, 227),
(476, 657),
(477, 544),
(477, 788),
(479, 112),
(480, 482),
(480, 612),
(482, 558),
(483, 305),
(483, 436),
(485, 161),
(485, 450),
(485, 854),
(486, 25),
(489, 727),
(489, 879),
(491, 31),
(491, 795),
(492, 107),
(492, 121),
(495, 235),
(496, 624),
(498, 385),
(498, 481),
(499, 1009),
(504, 205),
(504, 296),
(507, 681),
(507, 769),
(509, 821),
(509, 907),
(511, 300),
(512, 170),
(513, 277),
(513, 888),
(515, 42),
(515, 753),
(517, 371),
(517, 535),
(519, 409),
(519, 495),
(519, 755),
(519, 921),
(520, 474),
(523, 459),
(523, 738),
(523, 816),
(524, 126),
(524, 398),
(525, 4),
(526, 457),
(527, 155),
(528, 556),
(530, 321),
(531, 626),
(538, 441),
(538, 634),
(541, 435),
(542, 564),
(543, 59),
(543, 339),
(543, 584),
(543, 734),
(545, 725),
(545, 740),
(545, 831),
(546, 598),
(548, 865),
(549, 408),
(552, 3),
(553, 240),
(553, 809),
(553, 935),
(555, 660),
(556, 778),
(557, 514),
(558, 543),
(558, 686),
(558, 833),
(558, 865),
(559, 576),
(559, 975),
(560, 714),
(561, 139),
(561, 300),
(561, 954),
(565, 60),
(568, 345),
(568, 724),
(568, 728),
(569, 936),
(570, 486),
(570, 562),
(572, 217),
(572, 754),
(572, 799),
(572, 876),
(573, 609),
(577, 175),
(577, 594),
(577, 915),
(578, 198),
(579, 506),
(579, 759),
(581, 577),
(584, 705),
(586, 206),
(586, 331),
(588, 27),
(588, 380),
(590, 155),
(590, 353),
(591, 527),
(592, 385),
(593, 454),
(595, 162),
(595, 834),
(596, 91),
(597, 332),
(598, 30),
(599, 922),
(599, 1002),
(599, 1008),
(602, 343),
(604, 151),
(606, 814),
(607, 626),
(608, 400),
(609, 808),
(611, 55),
(611, 901),
(611, 925),
(613, 281),
(614, 886),
(615, 401),
(615, 430),
(616, 70),
(617, 340),
(617, 719),
(618, 513),
(618, 752),
(622, 11),
(622, 548),
(623, 890),
(625, 775),
(626, 189),
(628, 280),
(628, 819),
(629, 123),
(629, 307),
(629, 616),
(631, 349),
(631, 505),
(632, 869),
(633, 303),
(635, 719),
(636, 254),
(636, 490),
(640, 776),
(641, 315),
(642, 203),
(642, 288),
(643, 130),
(644, 637),
(645, 175),
(646, 441),
(647, 244),
(647, 255),
(647, 456),
(650, 449),
(650, 490),
(653, 194),
(655, 128),
(655, 854),
(655, 875),
(656, 505),
(658, 108),
(659, 557),
(659, 680),
(661, 348),
(661, 472),
(663, 30),
(663, 820),
(666, 207),
(668, 10),
(671, 196),
(672, 743),
(673, 25),
(673, 1005),
(674, 2),
(674, 271),
(674, 517),
(675, 585),
(675, 688),
(675, 697),
(676, 733),
(677, 201),
(677, 300),
(677, 510),
(678, 225),
(678, 441),
(678, 703),
(679, 135),
(679, 694),
(681, 47),
(681, 336),
(682, 302),
(683, 24),
(687, 315),
(688, 154),
(689, 649),
(689, 674),
(689, 740),
(689, 994),
(690, 731),
(693, 547),
(694, 62),
(694, 752),
(695, 7),
(695, 169),
(696, 646),
(696, 895),
(697, 27),
(698, 109),
(698, 291),
(698, 492),
(698, 834),
(700, 175),
(701, 236),
(702, 141),
(702, 432),
(702, 451),
(703, 115),
(703, 540),
(706, 573),
(707, 540),
(708, 743),
(709, 562),
(710, 132),
(710, 187),
(710, 198),
(717, 406),
(718, 291),
(722, 34),
(723, 104),
(723, 734),
(723, 742),
(724, 260),
(724, 714),
(725, 190),
(725, 643),
(727, 43),
(733, 515),
(734, 396),
(734, 477),
(735, 881),
(736, 26),
(736, 829),
(737, 778),
(737, 989),
(738, 244),
(738, 744),
(738, 861),
(740, 378),
(741, 994),
(742, 121),
(744, 584),
(744, 612),
(745, 528),
(746, 112),
(747, 1013),
(748, 408),
(748, 686),
(750, 481),
(751, 192),
(751, 390),
(752, 122),
(752, 879),
(753, 57),
(754, 9),
(755, 99),
(755, 572),
(756, 14),
(756, 196),
(756, 613),
(757, 60),
(758, 853),
(759, 7),
(759, 900),
(760, 392),
(760, 964),
(761, 451),
(763, 175),
(764, 934),
(765, 115),
(767, 185),
(767, 401),
(767, 635),
(767, 766),
(768, 157),
(769, 527),
(770, 877),
(772, 175),
(772, 446),
(773, 447),
(774, 500),
(775, 777),
(778, 88),
(780, 6),
(781, 461),
(782, 754),
(783, 274),
(785, 36),
(786, 354),
(787, 295),
(787, 325),
(787, 517),
(792, 821),
(793, 319),
(793, 357),
(796, 218),
(796, 348),
(796, 840),
(797, 77),
(797, 742),
(798, 387),
(799, 723),
(800, 617),
(806, 270),
(806, 378),
(806, 440),
(808, 20),
(808, 392),
(809, 497),
(810, 293),
(811, 515),
(820, 110),
(821, 198),
(821, 314),
(822, 850),
(822, 897),
(822, 904),
(823, 51),
(824, 1002),
(827, 17),
(827, 682),
(830, 186),
(831, 119),
(831, 458),
(831, 577),
(834, 2),
(834, 519),
(835, 370),
(837, 288),
(837, 710),
(838, 43),
(838, 83),
(838, 891),
(839, 102),
(841, 868),
(842, 7),
(842, 689),
(843, 24),
(845, 781),
(846, 379),
(846, 747),
(847, 855),
(847, 1012),
(851, 950),
(855, 344),
(857, 701),
(858, 59),
(858, 547),
(859, 350),
(859, 887),
(860, 628),
(861, 143),
(861, 965),
(864, 874),
(865, 342),
(865, 574),
(868, 797),
(869, 346),
(870, 55),
(870, 532),
(871, 654),
(871, 858),
(872, 321),
(873, 258),
(873, 671),
(874, 519),
(875, 224),
(876, 256),
(877, 14),
(877, 741),
(878, 213),
(878, 652),
(878, 658),
(878, 922),
(879, 494),
(880, 391),
(881, 210),
(881, 981),
(882, 166),
(883, 310),
(884, 66),
(885, 233),
(886, 406),
(886, 553),
(886, 769),
(890, 754),
(892, 608),
(893, 218),
(894, 421),
(895, 699),
(896, 49),
(896, 852),
(899, 36),
(902, 80),
(902, 260),
(902, 874),
(902, 978),
(903, 659),
(904, 35),
(905, 642),
(906, 67),
(910, 417),
(910, 492),
(911, 598),
(912, 248),
(914, 368),
(914, 845),
(915, 550),
(915, 758),
(916, 373),
(917, 679),
(917, 800),
(918, 478),
(919, 695),
(920, 884),
(921, 950),
(923, 620),
(924, 930),
(925, 63),
(925, 380),
(926, 474),
(926, 787),
(928, 150),
(928, 407),
(928, 835),
(929, 168),
(929, 596),
(930, 648),
(931, 931),
(932, 406),
(932, 879),
(933, 345),
(934, 638),
(936, 945),
(937, 18),
(938, 525),
(939, 615),
(939, 645),
(941, 617),
(942, 943),
(943, 94),
(943, 312),
(943, 738),
(945, 240),
(946, 749),
(946, 763),
(946, 791),
(947, 288),
(947, 643),
(949, 553),
(949, 777),
(949, 919),
(951, 465),
(951, 797),
(952, 501),
(952, 868),
(952, 996),
(954, 916),
(954, 1019),
(955, 721),
(956, 804),
(957, 178),
(957, 836),
(958, 505),
(958, 715),
(961, 321),
(961, 420),
(964, 548),
(965, 356),
(965, 753),
(966, 783),
(967, 40),
(967, 510),
(969, 255),
(969, 474),
(970, 153),
(973, 570),
(975, 384),
(975, 983),
(976, 632),
(977, 43),
(977, 201),
(977, 403),
(978, 830),
(979, 167),
(980, 200),
(980, 909),
(982, 15),
(987, 391),
(987, 742),
(989, 97),
(989, 392),
(990, 621),
(992, 458),
(992, 520),
(993, 733),
(994, 308),
(994, 461),
(995, 470),
(996, 760),
(996, 1007),
(997, 580),
(997, 667),
(998, 540),
(1000, 215),
(1000, 221),
(1001, 359),
(1001, 937),
(1002, 162),
(1004, 157),
(1004, 620),
(1005, 811),
(1006, 272),
(1006, 452);

-- --------------------------------------------------------

--
-- Struktura tabeli dla tabeli `skladniki`
--

CREATE TABLE `skladniki` (
  `id` int(11) NOT NULL,
  `nazwa_skladnika` varchar(50) NOT NULL
) ENGINE=InnoDB DEFAULT CHARSET=utf8mb4 COLLATE=utf8mb4_general_ci;

--
-- Dumping data for table `skladniki`
--

INSERT INTO `skladniki` (`id`, `nazwa_skladnika`) VALUES
(1, 'mąka'),
(2, 'pomidor'),
(3, 'mozzarella'),
(4, 'bazylia'),
(5, 'ryż'),
(6, 'grzyby'),
(7, 'masło'),
(8, 'cebula'),
(9, 'czosnek'),
(10, 'parmigiano reggiano'),
(11, 'tagliatelle'),
(12, 'mielona wołowina'),
(13, 'mielona wieprzowina'),
(14, 'pancetta'),
(15, 'pasta pomidorowa'),
(16, 'wino czerwone'),
(17, 'wino białe'),
(18, 'marchew'),
(19, 'spaghetti'),
(20, 'guanciale'),
(21, 'pecorino romano'),
(22, 'jajka'),
(23, 'czarny pieprz'),
(24, 'ravioli'),
(25, 'homar'),
(26, 'śmietana'),
(27, 'oliwa z oliwek'),
(28, 'ziemniaki'),
(29, 'sos pomidorowy'),
(30, 'biszkopty'),
(31, 'oregano'),
(32, 'drożdże'),
(33, 'sól'),
(34, 'chleb'),
(35, 'cukier'),
(36, 'miód'),
(37, 'migdały'),
(38, 'orzechy laskowe'),
(39, 'wanilia'),
(40, 'cytryna'),
(41, 'żelatyna'),
(42, 'rozmaryn'),
(43, 'wołowina'),
(44, 'majonez'),
(45, 'sos worcestershire'),
(46, 'mleko'),
(47, 'ricotta'),
(48, 'ziarna kakaowe'),
(49, 'kandyzowane owoce'),
(50, 'marsala'),
(51, 'ocet'),
(52, 'smalec'),
(53, 'lasagna'),
(54, 'sos boloński'),
(55, 'beszamel'),
(56, 'nasiona maku'),
(57, 'skórka cytrynowa'),
(58, 'twaróg'),
(59, 'wieprzowina'),
(60, 'kapusta kiszona'),
(61, 'przecier pomidorowy'),
(62, 'śmietana podwójna'),
(63, 'piwo'),
(64, 'musztarda'),
(65, 'tymianek'),
(66, 'papryka'),
(67, 'proszek do pieczenia'),
(68, 'kurczak'),
(69, 'makaron'),
(70, 'liście laurowe'),
(71, 'pietruszka'),
(72, 'seler'),
(73, 'bekon'),
(74, 'kielbasa'),
(75, 'mąka żytnia'),
(76, 'bułka tarta'),
(77, 'olej rzepakowy'),
(78, 'bulion'),
(79, 'ocet balsamiczny'),
(80, 'skrobia kukurydziana'),
(81, 'mascarpone'),
(82, 'kawa'),
(83, 'mąka ziemniaczana'),
(84, 'jabłka'),
(85, 'cynamon'),
(86, 'mięso'),
(87, 'ogórek'),
(88, 'czosnek'),
(89, 'oliwa'),
(90, 'oliwa'),
(91, 'mięso'),
(92, 'mięso'),
(93, 'szynka'),
(94, 'mięso'),
(95, 'cukier'),
(96, 'cebula'),
(97, 'masło'),
(98, 'pieprz'),
(99, 'mleko'),
(100, 'ser'),
(101, 'mięso'),
(102, 'ser'),
(103, 'cebula'),
(104, 'sól'),
(105, 'mleko'),
(106, 'marchew'),
(107, 'ogórek'),
(108, 'marchew'),
(109, 'pomidor'),
(110, 'jogurt'),
(111, 'mleko'),
(112, 'czosnek'),
(113, 'mleko'),
(114, 'ogórek'),
(115, 'jajka'),
(116, 'oliwa'),
(117, 'jajka'),
(118, 'marchew'),
(119, 'pieprz'),
(120, 'jogurt'),
(121, 'mleko'),
(122, 'papryka'),
(123, 'pomidor'),
(124, 'papryka'),
(125, 'cebula'),
(126, 'chleb'),
(127, 'pieprz'),
(128, 'mięso'),
(129, 'sól'),
(130, 'jogurt'),
(131, 'pomidor'),
(132, 'pieprz'),
(133, 'szynka'),
(134, 'chleb'),
(135, 'cebula'),
(136, 'jogurt'),
(137, 'pomidor'),
(138, 'szynka'),
(139, 'ogórek'),
(140, 'marchew'),
(141, 'jajka'),
(142, 'cukier'),
(143, 'cebula'),
(144, 'cukier'),
(145, 'jajka'),
(146, 'ryż'),
(147, 'ser'),
(148, 'cukier'),
(149, 'jajka'),
(150, 'czosnek'),
(151, 'mąka'),
(152, 'sól'),
(153, 'masło'),
(154, 'jajka'),
(155, 'pieprz'),
(156, 'marchew'),
(157, 'mięso'),
(158, 'marchew'),
(159, 'papryka'),
(160, 'papryka'),
(161, 'ryż'),
(162, 'oliwa'),
(163, 'papryka'),
(164, 'czosnek'),
(165, 'ryż'),
(166, 'papryka'),
(167, 'jogurt'),
(168, 'marchew'),
(169, 'masło'),
(170, 'jajka'),
(171, 'oliwa'),
(172, 'marchew'),
(173, 'cukier'),
(174, 'pomidor'),
(175, 'mleko'),
(176, 'pieprz'),
(177, 'czosnek'),
(178, 'mąka'),
(179, 'czosnek'),
(180, 'pomidor'),
(181, 'mąka'),
(182, 'szynka'),
(183, 'ogórek'),
(184, 'ogórek'),
(185, 'marchew'),
(186, 'pieprz'),
(187, 'mąka'),
(188, 'ser'),
(189, 'sól'),
(190, 'jajka'),
(191, 'pomidor'),
(192, 'sól'),
(193, 'czosnek'),
(194, 'mąka'),
(195, 'sól'),
(196, 'cukier'),
(197, 'chleb'),
(198, 'mąka'),
(199, 'sól'),
(200, 'cebula'),
(201, 'cukier'),
(202, 'papryka'),
(203, 'papryka'),
(204, 'mleko'),
(205, 'czosnek'),
(206, 'sól'),
(207, 'ogórek'),
(208, 'oliwa'),
(209, 'mięso'),
(210, 'ryż'),
(211, 'masło'),
(212, 'chleb'),
(213, 'mąka'),
(214, 'papryka'),
(215, 'chleb'),
(216, 'cukier'),
(217, 'ser'),
(218, 'czosnek'),
(219, 'pieprz'),
(220, 'jajka'),
(221, 'pieprz'),
(222, 'pieprz'),
(223, 'ogórek'),
(224, 'papryka'),
(225, 'czosnek'),
(226, 'pomidor'),
(227, 'mięso'),
(228, 'masło'),
(229, 'sól'),
(230, 'czosnek'),
(231, 'pieprz'),
(232, 'jogurt'),
(233, 'ser'),
(234, 'pomidor'),
(235, 'mleko'),
(236, 'sól'),
(237, 'oliwa'),
(238, 'cebula'),
(239, 'marchew'),
(240, 'jogurt'),
(241, 'mąka'),
(242, 'mąka'),
(243, 'marchew'),
(244, 'cukier'),
(245, 'jogurt'),
(246, 'cukier'),
(247, 'cukier'),
(248, 'ogórek'),
(249, 'mleko'),
(250, 'marchew'),
(251, 'sól'),
(252, 'masło'),
(253, 'ryż'),
(254, 'pieprz'),
(255, 'sól'),
(256, 'jajka'),
(257, 'jajka'),
(258, 'masło'),
(259, 'papryka'),
(260, 'mięso'),
(261, 'czosnek'),
(262, 'jogurt'),
(263, 'ogórek'),
(264, 'marchew'),
(265, 'szynka'),
(266, 'mąka'),
(267, 'papryka'),
(268, 'mięso'),
(269, 'mleko'),
(270, 'czosnek'),
(271, 'mleko'),
(272, 'mleko'),
(273, 'cebula'),
(274, 'czosnek'),
(275, 'pieprz'),
(276, 'oliwa'),
(277, 'cebula'),
(278, 'jogurt'),
(279, 'czosnek'),
(280, 'jajka'),
(281, 'ryż'),
(282, 'szynka'),
(283, 'jogurt'),
(284, 'czosnek'),
(285, 'papryka'),
(286, 'mleko'),
(287, 'pieprz'),
(288, 'mięso'),
(289, 'czosnek'),
(290, 'sól'),
(291, 'sól'),
(292, 'cukier'),
(293, 'mąka'),
(294, 'cebula'),
(295, 'mięso'),
(296, 'papryka'),
(297, 'marchew'),
(298, 'szynka'),
(299, 'masło'),
(300, 'ogórek'),
(301, 'szynka'),
(302, 'ser'),
(303, 'cebula'),
(304, 'sól'),
(305, 'cebula'),
(306, 'ryż'),
(307, 'ogórek'),
(308, 'jogurt'),
(309, 'papryka'),
(310, 'chleb'),
(311, 'masło'),
(312, 'mleko'),
(313, 'czosnek'),
(314, 'marchew'),
(315, 'pomidor'),
(316, 'oliwa'),
(317, 'sól'),
(318, 'chleb'),
(319, 'cebula'),
(320, 'chleb'),
(321, 'oliwa'),
(322, 'cukier'),
(323, 'mięso'),
(324, 'szynka'),
(325, 'mleko'),
(326, 'mąka'),
(327, 'chleb'),
(328, 'masło'),
(329, 'ogórek'),
(330, 'chleb'),
(331, 'ryż'),
(332, 'cebula'),
(333, 'cukier'),
(334, 'mąka'),
(335, 'szynka'),
(336, 'pieprz'),
(337, 'szynka'),
(338, 'chleb'),
(339, 'pieprz'),
(340, 'ogórek'),
(341, 'mąka'),
(342, 'mięso'),
(343, 'oliwa'),
(344, 'mąka'),
(345, 'masło'),
(346, 'sól'),
(347, 'mąka'),
(348, 'mięso'),
(349, 'mąka'),
(350, 'masło'),
(351, 'chleb'),
(352, 'pieprz'),
(353, 'chleb'),
(354, 'mięso'),
(355, 'czosnek'),
(356, 'pieprz'),
(357, 'szynka'),
(358, 'ogórek'),
(359, 'pieprz'),
(360, 'chleb'),
(361, 'mąka'),
(362, 'jogurt'),
(363, 'sól'),
(364, 'jogurt'),
(365, 'jogurt'),
(366, 'papryka'),
(367, 'ogórek'),
(368, 'ogórek'),
(369, 'cebula'),
(370, 'mąka'),
(371, 'sól'),
(372, 'mleko'),
(373, 'chleb'),
(374, 'marchew'),
(375, 'cukier'),
(376, 'ryż'),
(377, 'masło'),
(378, 'ryż'),
(379, 'chleb'),
(380, 'oliwa'),
(381, 'szynka'),
(382, 'szynka'),
(383, 'mięso'),
(384, 'ser'),
(385, 'pieprz'),
(386, 'masło'),
(387, 'mięso'),
(388, 'pomidor'),
(389, 'mleko'),
(390, 'pomidor'),
(391, 'ryż'),
(392, 'chleb'),
(393, 'mleko'),
(394, 'cebula'),
(395, 'sól'),
(396, 'marchew'),
(397, 'mięso'),
(398, 'mięso'),
(399, 'ser'),
(400, 'masło'),
(401, 'pomidor'),
(402, 'marchew'),
(403, 'mięso'),
(404, 'cebula'),
(405, 'czosnek'),
(406, 'sól'),
(407, 'cebula'),
(408, 'oliwa'),
(409, 'mleko'),
(410, 'pomidor'),
(411, 'oliwa'),
(412, 'szynka'),
(413, 'mleko'),
(414, 'cukier'),
(415, 'pieprz'),
(416, 'czosnek'),
(417, 'masło'),
(418, 'pieprz'),
(419, 'cebula'),
(420, 'chleb'),
(421, 'szynka'),
(422, 'cukier'),
(423, 'jogurt'),
(424, 'mięso'),
(425, 'pieprz'),
(426, 'mięso'),
(427, 'ryż'),
(428, 'marchew'),
(429, 'pomidor'),
(430, 'jajka'),
(431, 'mleko'),
(432, 'oliwa'),
(433, 'cebula'),
(434, 'jogurt'),
(435, 'ogórek'),
(436, 'chleb'),
(437, 'czosnek'),
(438, 'ser'),
(439, 'mięso'),
(440, 'mleko'),
(441, 'sól'),
(442, 'mleko'),
(443, 'cukier'),
(444, 'masło'),
(445, 'jogurt'),
(446, 'ryż'),
(447, 'cukier'),
(448, 'masło'),
(449, 'cukier'),
(450, 'jogurt'),
(451, 'masło'),
(452, 'ryż'),
(453, 'oliwa'),
(454, 'ser'),
(455, 'pieprz'),
(456, 'masło'),
(457, 'ogórek'),
(458, 'ryż'),
(459, 'ser'),
(460, 'ser'),
(461, 'ogórek'),
(462, 'sól'),
(463, 'cukier'),
(464, 'jogurt'),
(465, 'ser'),
(466, 'czosnek'),
(467, 'pieprz'),
(468, 'oliwa'),
(469, 'oliwa'),
(470, 'cukier'),
(471, 'cukier'),
(472, 'szynka'),
(473, 'czosnek'),
(474, 'marchew'),
(475, 'masło'),
(476, 'cukier'),
(477, 'jogurt'),
(478, 'jajka'),
(479, 'masło'),
(480, 'oliwa'),
(481, 'cebula'),
(482, 'pomidor'),
(483, 'masło'),
(484, 'papryka'),
(485, 'pieprz'),
(486, 'ogórek'),
(487, 'mąka'),
(488, 'pieprz'),
(489, 'szynka'),
(490, 'czosnek'),
(491, 'mąka'),
(492, 'mleko'),
(493, 'papryka'),
(494, 'marchew'),
(495, 'marchew'),
(496, 'chleb'),
(497, 'masło'),
(498, 'cukier'),
(499, 'pieprz'),
(500, 'ryż'),
(501, 'cebula'),
(502, 'pieprz'),
(503, 'pieprz'),
(504, 'papryka'),
(505, 'pomidor'),
(506, 'pomidor'),
(507, 'mąka'),
(508, 'szynka'),
(509, 'ryż'),
(510, 'mięso'),
(511, 'szynka'),
(512, 'pomidor'),
(513, 'czosnek'),
(514, 'ryż'),
(515, 'cukier'),
(516, 'ser'),
(517, 'ogórek'),
(518, 'marchew'),
(519, 'sól'),
(520, 'ser'),
(521, 'oliwa'),
(522, 'oliwa'),
(523, 'szynka'),
(524, 'papryka'),
(525, 'czosnek'),
(526, 'mięso'),
(527, 'szynka'),
(528, 'pieprz'),
(529, 'mięso'),
(530, 'masło'),
(531, 'mleko'),
(532, 'jogurt'),
(533, 'cebula'),
(534, 'cebula'),
(535, 'masło'),
(536, 'mleko'),
(537, 'pieprz'),
(538, 'mąka'),
(539, 'sól'),
(540, 'sól'),
(541, 'pomidor'),
(542, 'masło'),
(543, 'marchew'),
(544, 'czosnek'),
(545, 'czosnek'),
(546, 'ser'),
(547, 'mąka'),
(548, 'ogórek'),
(549, 'jajka'),
(550, 'pieprz'),
(551, 'mleko'),
(552, 'masło'),
(553, 'jogurt'),
(554, 'chleb'),
(555, 'mąka'),
(556, 'ryż'),
(557, 'papryka'),
(558, 'marchew'),
(559, 'oliwa'),
(560, 'szynka'),
(561, 'cebula'),
(562, 'pieprz'),
(563, 'mąka'),
(564, 'pomidor'),
(565, 'mleko'),
(566, 'pomidor'),
(567, 'jajka'),
(568, 'marchew'),
(569, 'szynka'),
(570, 'ser'),
(571, 'ogórek'),
(572, 'sól'),
(573, 'mleko'),
(574, 'sól'),
(575, 'ryż'),
(576, 'mleko'),
(577, 'mąka'),
(578, 'chleb'),
(579, 'mleko'),
(580, 'sól'),
(581, 'czosnek'),
(582, 'chleb'),
(583, 'mięso'),
(584, 'mąka'),
(585, 'chleb'),
(586, 'jajka'),
(587, 'sól'),
(588, 'masło'),
(589, 'chleb'),
(590, 'pieprz'),
(591, 'cukier'),
(592, 'papryka'),
(593, 'ser'),
(594, 'sól'),
(595, 'cukier'),
(596, 'mąka'),
(597, 'cebula'),
(598, 'papryka'),
(599, 'ogórek'),
(600, 'czosnek'),
(601, 'jogurt'),
(602, 'sól'),
(603, 'jogurt'),
(604, 'ser'),
(605, 'pomidor'),
(606, 'papryka'),
(607, 'jogurt'),
(608, 'jogurt'),
(609, 'jajka'),
(610, 'ryż'),
(611, 'marchew'),
(612, 'ogórek'),
(613, 'mąka'),
(614, 'cukier'),
(615, 'ser'),
(616, 'mięso'),
(617, 'pomidor'),
(618, 'pieprz'),
(619, 'mąka'),
(620, 'pieprz'),
(621, 'sól'),
(622, 'szynka'),
(623, 'pieprz'),
(624, 'ser'),
(625, 'cebula'),
(626, 'oliwa'),
(627, 'papryka'),
(628, 'ryż'),
(629, 'jogurt'),
(630, 'oliwa'),
(631, 'sól'),
(632, 'pomidor'),
(633, 'ryż'),
(634, 'ryż'),
(635, 'mąka'),
(636, 'pomidor'),
(637, 'pomidor'),
(638, 'cukier'),
(639, 'pomidor'),
(640, 'pomidor'),
(641, 'pieprz'),
(642, 'pieprz'),
(643, 'oliwa'),
(644, 'czosnek'),
(645, 'cebula'),
(646, 'czosnek'),
(647, 'marchew'),
(648, 'chleb'),
(649, 'pomidor'),
(650, 'szynka'),
(651, 'pomidor'),
(652, 'sól'),
(653, 'mleko'),
(654, 'cebula'),
(655, 'ryż'),
(656, 'oliwa'),
(657, 'pomidor'),
(658, 'cukier'),
(659, 'oliwa'),
(660, 'mięso'),
(661, 'cebula'),
(662, 'sól'),
(663, 'jajka'),
(664, 'mleko'),
(665, 'mięso'),
(666, 'jajka'),
(667, 'masło'),
(668, 'pomidor'),
(669, 'masło'),
(670, 'ogórek'),
(671, 'jogurt'),
(672, 'masło'),
(673, 'oliwa'),
(674, 'masło'),
(675, 'masło'),
(676, 'pomidor'),
(677, 'chleb'),
(678, 'ser'),
(679, 'czosnek'),
(680, 'pieprz'),
(681, 'szynka'),
(682, 'ogórek'),
(683, 'oliwa'),
(684, 'chleb'),
(685, 'ogórek'),
(686, 'pomidor'),
(687, 'papryka'),
(688, 'mleko'),
(689, 'cukier'),
(690, 'ogórek'),
(691, 'ryż'),
(692, 'papryka'),
(693, 'jajka'),
(694, 'pieprz'),
(695, 'pomidor'),
(696, 'oliwa'),
(697, 'pieprz'),
(698, 'szynka'),
(699, 'mąka'),
(700, 'papryka'),
(701, 'oliwa'),
(702, 'chleb'),
(703, 'mięso'),
(704, 'masło'),
(705, 'szynka'),
(706, 'pomidor'),
(707, 'mleko'),
(708, 'cebula'),
(709, 'ser'),
(710, 'mięso'),
(711, 'cebula'),
(712, 'jogurt'),
(713, 'ser'),
(714, 'jajka'),
(715, 'papryka'),
(716, 'marchew'),
(717, 'oliwa'),
(718, 'sól'),
(719, 'masło'),
(720, 'jajka'),
(721, 'mleko'),
(722, 'cebula'),
(723, 'chleb'),
(724, 'papryka'),
(725, 'szynka'),
(726, 'oliwa'),
(727, 'czosnek'),
(728, 'cebula'),
(729, 'ogórek'),
(730, 'mleko'),
(731, 'cukier'),
(732, 'pomidor'),
(733, 'papryka'),
(734, 'mięso'),
(735, 'mięso'),
(736, 'mleko'),
(737, 'pomidor'),
(738, 'szynka'),
(739, 'masło'),
(740, 'pomidor'),
(741, 'mąka'),
(742, 'jogurt'),
(743, 'marchew'),
(744, 'ogórek'),
(745, 'masło'),
(746, 'ser'),
(747, 'cebula'),
(748, 'szynka'),
(749, 'chleb'),
(750, 'pomidor'),
(751, 'ogórek'),
(752, 'mięso'),
(753, 'szynka'),
(754, 'ogórek'),
(755, 'masło'),
(756, 'cebula'),
(757, 'papryka'),
(758, 'czosnek'),
(759, 'papryka'),
(760, 'ryż'),
(761, 'ryż'),
(762, 'sól'),
(763, 'sól'),
(764, 'czosnek'),
(765, 'szynka'),
(766, 'czosnek'),
(767, 'jogurt'),
(768, 'masło'),
(769, 'czosnek'),
(770, 'oliwa'),
(771, 'papryka'),
(772, 'mąka'),
(773, 'czosnek'),
(774, 'sól'),
(775, 'oliwa'),
(776, 'masło'),
(777, 'papryka'),
(778, 'pieprz'),
(779, 'cukier'),
(780, 'pomidor'),
(781, 'ryż'),
(782, 'szynka'),
(783, 'ryż'),
(784, 'ryż'),
(785, 'pomidor'),
(786, 'mleko'),
(787, 'oliwa'),
(788, 'mąka'),
(789, 'ser'),
(790, 'ogórek'),
(791, 'pomidor'),
(792, 'pieprz'),
(793, 'cukier'),
(794, 'ryż'),
(795, 'mąka'),
(796, 'sól'),
(797, 'szynka'),
(798, 'mąka'),
(799, 'szynka'),
(800, 'pomidor'),
(801, 'mięso'),
(802, 'ser'),
(803, 'ryż'),
(804, 'ogórek'),
(805, 'sól'),
(806, 'masło'),
(807, 'marchew'),
(808, 'mleko'),
(809, 'cebula'),
(810, 'szynka'),
(811, 'chleb'),
(812, 'chleb'),
(813, 'szynka'),
(814, 'cebula'),
(815, 'szynka'),
(816, 'masło'),
(817, 'jogurt'),
(818, 'cebula'),
(819, 'sól'),
(820, 'ser'),
(821, 'szynka'),
(822, 'czosnek'),
(823, 'marchew'),
(824, 'cukier'),
(825, 'cukier'),
(826, 'ogórek'),
(827, 'pomidor'),
(828, 'marchew'),
(829, 'cebula'),
(830, 'mąka'),
(831, 'pomidor'),
(832, 'jajka'),
(833, 'sól'),
(834, 'pieprz'),
(835, 'masło'),
(836, 'czosnek'),
(837, 'chleb'),
(838, 'pomidor'),
(839, 'masło'),
(840, 'sól'),
(841, 'jogurt'),
(842, 'szynka'),
(843, 'ogórek'),
(844, 'jajka'),
(845, 'masło'),
(846, 'ryż'),
(847, 'jajka'),
(848, 'ryż'),
(849, 'masło'),
(850, 'cebula'),
(851, 'sól'),
(852, 'ser'),
(853, 'ser'),
(854, 'papryka'),
(855, 'czosnek'),
(856, 'szynka'),
(857, 'chleb'),
(858, 'pomidor'),
(859, 'jogurt'),
(860, 'mięso'),
(861, 'ryż'),
(862, 'sól'),
(863, 'cukier'),
(864, 'mąka'),
(865, 'marchew'),
(866, 'mąka'),
(867, 'papryka'),
(868, 'mąka'),
(869, 'ryż'),
(870, 'papryka'),
(871, 'cukier'),
(872, 'masło'),
(873, 'jajka'),
(874, 'mięso'),
(875, 'jajka'),
(876, 'jajka'),
(877, 'cebula'),
(878, 'szynka'),
(879, 'mąka'),
(880, 'czosnek'),
(881, 'marchew'),
(882, 'mleko'),
(883, 'papryka'),
(884, 'chleb'),
(885, 'chleb'),
(886, 'czosnek'),
(887, 'pieprz'),
(888, 'pieprz'),
(889, 'ser'),
(890, 'pieprz'),
(891, 'czosnek'),
(892, 'papryka'),
(893, 'cukier'),
(894, 'cebula'),
(895, 'cebula'),
(896, 'mąka'),
(897, 'cebula'),
(898, 'oliwa'),
(899, 'masło'),
(900, 'papryka'),
(901, 'oliwa'),
(902, 'mąka'),
(903, 'jajka'),
(904, 'ogórek'),
(905, 'papryka'),
(906, 'sól'),
(907, 'ser'),
(908, 'pomidor'),
(909, 'ser'),
(910, 'szynka'),
(911, 'masło'),
(912, 'ser'),
(913, 'jogurt'),
(914, 'cukier'),
(915, 'mięso'),
(916, 'cebula'),
(917, 'jajka'),
(918, 'marchew'),
(919, 'pieprz'),
(920, 'mleko'),
(921, 'mleko'),
(922, 'jogurt'),
(923, 'ogórek'),
(924, 'papryka'),
(925, 'mleko'),
(926, 'mąka'),
(927, 'papryka'),
(928, 'jogurt'),
(929, 'pomidor'),
(930, 'oliwa'),
(931, 'mleko'),
(932, 'cukier'),
(933, 'oliwa'),
(934, 'papryka'),
(935, 'pomidor'),
(936, 'mleko'),
(937, 'papryka'),
(938, 'sól'),
(939, 'pomidor'),
(940, 'ogórek'),
(941, 'mąka'),
(942, 'ogórek'),
(943, 'jogurt'),
(944, 'szynka'),
(945, 'szynka'),
(946, 'papryka'),
(947, 'szynka'),
(948, 'mleko'),
(949, 'czosnek'),
(950, 'masło'),
(951, 'mięso'),
(952, 'marchew'),
(953, 'pomidor'),
(954, 'mąka'),
(955, 'papryka'),
(956, 'sól'),
(957, 'mięso'),
(958, 'ryż'),
(959, 'pieprz'),
(960, 'mleko'),
(961, 'mięso'),
(962, 'ryż'),
(963, 'marchew'),
(964, 'chleb'),
(965, 'masło'),
(966, 'mąka'),
(967, 'masło'),
(968, 'ryż'),
(969, 'ser'),
(970, 'szynka'),
(971, 'jogurt'),
(972, 'jajka'),
(973, 'ser'),
(974, 'cukier'),
(975, 'szynka'),
(976, 'cukier'),
(977, 'jogurt'),
(978, 'oliwa'),
(979, 'oliwa'),
(980, 'ser'),
(981, 'mąka'),
(982, 'sól'),
(983, 'cukier'),
(984, 'ryż'),
(985, 'sól'),
(986, 'marchew'),
(987, 'ser'),
(988, 'szynka'),
(989, 'szynka'),
(990, 'mięso'),
(991, 'pieprz'),
(992, 'oliwa'),
(993, 'pomidor'),
(994, 'jogurt'),
(995, 'mleko'),
(996, 'sól'),
(997, 'cebula'),
(998, 'mięso'),
(999, 'sól'),
(1000, 'masło'),
(1001, 'mleko'),
(1002, 'ogórek'),
(1003, 'cukier'),
(1004, 'ogórek'),
(1005, 'masło'),
(1006, 'pomidor'),
(1007, 'ogórek'),
(1008, 'czosnek'),
(1009, 'ogórek'),
(1010, 'papryka'),
(1011, 'ogórek'),
(1012, 'ogórek'),
(1013, 'cukier'),
(1014, 'cebula'),
(1015, 'szynka'),
(1016, 'mleko'),
(1017, 'szynka'),
(1018, 'mąka'),
(1019, 'cukier'),
(1020, 'marchew'),
(1021, 'marchew'),
(1022, 'chleb'),
(1023, 'papryka'),
(1024, 'mięso'),
(1025, 'ser'),
(1026, 'jajka'),
(1027, 'pieprz'),
(1028, 'ogórek'),
(1029, 'cukier'),
(1030, 'mleko'),
(1031, 'ogórek'),
(1032, 'chleb'),
(1033, 'cukier'),
(1034, 'sól'),
(1035, 'ryż'),
(1036, 'mąka'),
(1037, 'jajka'),
(1038, 'mięso'),
(1039, 'ryż'),
(1040, 'ogórek'),
(1041, 'szynka'),
(1042, 'ogórek'),
(1043, 'cebula'),
(1044, 'mleko'),
(1045, 'chleb'),
(1046, 'sól'),
(1047, 'mleko'),
(1048, 'sól'),
(1049, 'ogórek'),
(1050, 'czosnek'),
(1051, 'oliwa'),
(1052, 'masło'),
(1053, 'sól'),
(1054, 'ryż'),
(1055, 'ogórek'),
(1056, 'ryż'),
(1057, 'jajka'),
(1058, 'ryż'),
(1059, 'pieprz'),
(1060, 'jajka'),
(1061, 'pieprz'),
(1062, 'ryż'),
(1063, 'sól'),
(1064, 'marchew'),
(1065, 'mleko'),
(1066, 'chleb'),
(1067, 'cebula'),
(1068, 'pieprz'),
(1069, 'mąka'),
(1070, 'szynka'),
(1071, 'mleko'),
(1072, 'masło'),
(1073, 'pomidor'),
(1074, 'ogórek'),
(1075, 'mąka'),
(1076, 'sól'),
(1077, 'cukier'),
(1078, 'mleko'),
(1079, 'chleb'),
(1080, 'sól'),
(1081, 'czosnek'),
(1082, 'ser'),
(1083, 'cukier'),
(1084, 'ogórek'),
(1085, 'cukier');

-- --------------------------------------------------------

--
-- Struktura widoku `najczestsze_skladniki`
--
DROP TABLE IF EXISTS `najczestsze_skladniki`;

CREATE ALGORITHM=UNDEFINED DEFINER=`root`@`localhost` SQL SECURITY DEFINER VIEW `najczestsze_skladniki`  AS WITH temp AS (SELECT `r`.`id` AS `id`, `r`.`nazwa_restauracji` AS `nazwa_restauracji`, `s`.`nazwa_skladnika` AS `nazwa_skladnika`, count(`s`.`id`) AS `liczba_wystapien`, row_number() over ( partition by `r`.`nazwa_restauracji` order by count(`s`.`id`) desc) AS `ranking` FROM (((`restauracje` `r` join `restauracje_dania` `rd` on(`r`.`id` = `rd`.`id_restauracja`)) join `dania_skladniki` `ds` on(`rd`.`id_dania` = `ds`.`id_dania`)) join `skladniki` `s` on(`ds`.`id_skladniki` = `s`.`id`)) GROUP BY `r`.`nazwa_restauracji`, `s`.`nazwa_skladnika`)  SELECT `temp`.`nazwa_restauracji` AS `restauracja`, `temp`.`nazwa_skladnika` AS `nazwa_skladnika`, `temp`.`liczba_wystapien` AS `liczba_wystapien` FROM `temp` WHERE `temp`.`ranking` = 1 ORDER BY `temp`.`id` ASC`id`  ;

-- --------------------------------------------------------

--
-- Struktura widoku `potrawy_wegetarianskie`
--
DROP TABLE IF EXISTS `potrawy_wegetarianskie`;

CREATE ALGORITHM=UNDEFINED DEFINER=`root`@`localhost` SQL SECURITY DEFINER VIEW `potrawy_wegetarianskie`  AS SELECT `r`.`nazwa_restauracji` AS `restauracja`, `d`.`nazwa_dania` AS `nazwa_dania` FROM ((`restauracje` `r` join `restauracje_dania` `rd` on(`r`.`id` = `rd`.`id_restauracja`)) join `dania` `d` on(`rd`.`id_dania` = `d`.`id`)) WHERE `d`.`wegetarianskie` = 1 ;

--
-- Indeksy dla zrzutów tabel
--

--
-- Indeksy dla tabeli `dania`
--
ALTER TABLE `dania`
  ADD PRIMARY KEY (`id`);

--
-- Indeksy dla tabeli `dania_skladniki`
--
ALTER TABLE `dania_skladniki`
  ADD PRIMARY KEY (`id_skladniki`,`id_dania`),
  ADD KEY `id_dania` (`id_dania`);

--
-- Indeksy dla tabeli `restauracje`
--
ALTER TABLE `restauracje`
  ADD PRIMARY KEY (`id`);

--
-- Indeksy dla tabeli `restauracje_dania`
--
ALTER TABLE `restauracje_dania`
  ADD PRIMARY KEY (`id_restauracja`,`id_dania`),
  ADD KEY `id_dania` (`id_dania`);

--
-- Indeksy dla tabeli `skladniki`
--
ALTER TABLE `skladniki`
  ADD PRIMARY KEY (`id`);

--
-- AUTO_INCREMENT for dumped tables
--

--
-- AUTO_INCREMENT for table `dania`
--
ALTER TABLE `dania`
  MODIFY `id` int(11) NOT NULL AUTO_INCREMENT, AUTO_INCREMENT=1031;

--
-- AUTO_INCREMENT for table `restauracje`
--
ALTER TABLE `restauracje`
  MODIFY `id` int(11) NOT NULL AUTO_INCREMENT, AUTO_INCREMENT=1007;

--
-- AUTO_INCREMENT for table `skladniki`
--
ALTER TABLE `skladniki`
  MODIFY `id` int(11) NOT NULL AUTO_INCREMENT, AUTO_INCREMENT=1086;

--
-- Constraints for dumped tables
--

--
-- Constraints for table `dania_skladniki`
--
ALTER TABLE `dania_skladniki`
  ADD CONSTRAINT `dania_skladniki_ibfk_1` FOREIGN KEY (`id_skladniki`) REFERENCES `skladniki` (`id`),
  ADD CONSTRAINT `dania_skladniki_ibfk_2` FOREIGN KEY (`id_dania`) REFERENCES `dania` (`id`);

--
-- Constraints for table `restauracje_dania`
--
ALTER TABLE `restauracje_dania`
  ADD CONSTRAINT `restauracje_dania_ibfk_1` FOREIGN KEY (`id_restauracja`) REFERENCES `restauracje` (`id`),
  ADD CONSTRAINT `restauracje_dania_ibfk_2` FOREIGN KEY (`id_dania`) REFERENCES `dania` (`id`);
COMMIT;

/*!40101 SET CHARACTER_SET_CLIENT=@OLD_CHARACTER_SET_CLIENT */;
/*!40101 SET CHARACTER_SET_RESULTS=@OLD_CHARACTER_SET_RESULTS */;
/*!40101 SET COLLATION_CONNECTION=@OLD_COLLATION_CONNECTION */;
