-- phpMyAdmin SQL Dump
-- version 5.2.1
-- https://www.phpmyadmin.net/
--
-- Host: 127.0.0.1
-- Generation Time: Lis 08, 2024 at 07:39 PM
-- Wersja serwera: 10.4.32-MariaDB
-- Wersja PHP: 8.2.12

SET SQL_MODE = "NO_AUTO_VALUE_ON_ZERO";
START TRANSACTION;
SET time_zone = "+00:00";


/*!40101 SET @OLD_CHARACTER_SET_CLIENT=@@CHARACTER_SET_CLIENT */;
/*!40101 SET @OLD_CHARACTER_SET_RESULTS=@@CHARACTER_SET_RESULTS */;
/*!40101 SET @OLD_COLLATION_CONNECTION=@@COLLATION_CONNECTION */;
/*!40101 SET NAMES utf8mb4 */;

--
-- Database: `mapa_kulinarna`
--

-- --------------------------------------------------------

--
-- Struktura tabeli dla tabeli `dania`
--

CREATE TABLE `dania` (
  `id` int(11) NOT NULL,
  `nazwa_dania` varchar(255) NOT NULL,
  `opis` text NOT NULL,
  `wegetarianskie` tinyint(1) NOT NULL,
  `kuchnia` varchar(50) NOT NULL
) ENGINE=InnoDB DEFAULT CHARSET=utf8mb4 COLLATE=utf8mb4_general_ci;

--
-- Dumping data for table `dania`
--

INSERT INTO `dania` (`id`, `nazwa_dania`, `opis`, `wegetarianskie`, `kuchnia`) VALUES
(1, 'Vegetarian Pad Thai', 'consectetur adipiscing elit', 1, 'french'),
(2, 'Tofu Stir Fry', 'lorem ipsum dolor sit amet', 0, 'mediterranean'),
(3, 'Teriyaki Salmon Bowl', 'lorem ipsum dolor sit amet', 0, 'american'),
(4, 'BBQ Pulled Pork Sandwich', 'lorem ipsum dolor sit amet', 0, 'mexican'),
(5, 'Spicy Chicken Curry', 'consectetur adipiscing elit', 0, 'french'),
(6, 'Beef Stroganoff', 'sed do eiusmod tempor incididunt', 1, 'indian'),
(7, 'Spicy Chicken Curry', 'sed do eiusmod tempor incididunt', 0, 'american'),
(8, 'Pineapple Fried Rice', 'ut labore et dolore magna aliqua', 0, 'italian'),
(9, 'BBQ Pulled Pork Sandwich', 'ut labore et dolore magna aliqua', 1, 'thai'),
(10, 'Spicy Chicken Curry', 'sed do eiusmod tempor incididunt', 1, 'chinese'),
(11, 'Caprese Salad', 'ut labore et dolore magna aliqua', 0, 'italian'),
(12, 'Spicy Chicken Curry', 'consectetur adipiscing elit', 1, 'indian'),
(13, 'Beef Stroganoff', 'sed do eiusmod tempor incididunt', 0, 'indian'),
(14, 'Spicy Chicken Curry', 'lorem ipsum dolor sit amet', 0, 'italian'),
(15, 'Pineapple Fried Rice', 'ut labore et dolore magna aliqua', 0, 'japanese'),
(16, 'Caprese Salad', 'lorem ipsum dolor sit amet', 0, 'thai'),
(17, 'BBQ Pulled Pork Sandwich', 'quis nostrud exercitation ullamco laboris', 0, 'greek'),
(18, 'Teriyaki Salmon Bowl', 'consectetur adipiscing elit', 0, 'mediterranean'),
(19, 'Beef Stroganoff', 'lorem ipsum dolor sit amet', 0, 'japanese'),
(20, 'Pineapple Fried Rice', 'sed do eiusmod tempor incididunt', 0, 'mediterranean'),
(21, 'Caprese Salad', 'ut labore et dolore magna aliqua', 1, 'french'),
(22, 'Pineapple Fried Rice', 'ut labore et dolore magna aliqua', 1, 'american'),
(23, 'Caprese Salad', 'ut labore et dolore magna aliqua', 1, 'chinese'),
(24, 'Beef Stroganoff', 'sed do eiusmod tempor incididunt', 1, 'italian'),
(25, 'BBQ Pulled Pork Sandwich', 'lorem ipsum dolor sit amet', 1, 'greek'),
(26, 'Pineapple Fried Rice', 'quis nostrud exercitation ullamco laboris', 1, 'american'),
(27, 'Vegetarian Pad Thai', 'sed do eiusmod tempor incididunt', 0, 'thai'),
(28, 'Pineapple Fried Rice', 'consectetur adipiscing elit', 0, 'indian'),
(29, 'Teriyaki Salmon Bowl', 'sed do eiusmod tempor incididunt', 1, 'american'),
(30, 'Spicy Chicken Curry', 'lorem ipsum dolor sit amet', 0, 'mediterranean'),
(31, 'Spicy Chicken Curry', 'quis nostrud exercitation ullamco laboris', 1, 'greek'),
(32, 'Pineapple Fried Rice', 'lorem ipsum dolor sit amet', 0, 'greek'),
(33, 'Teriyaki Salmon Bowl', 'consectetur adipiscing elit', 0, 'japanese'),
(34, 'BBQ Pulled Pork Sandwich', 'ut labore et dolore magna aliqua', 1, 'american'),
(35, 'Vegetarian Pad Thai', 'lorem ipsum dolor sit amet', 0, 'japanese'),
(36, 'Tofu Stir Fry', 'consectetur adipiscing elit', 1, 'japanese'),
(37, 'Teriyaki Salmon Bowl', 'consectetur adipiscing elit', 1, 'indian'),
(38, 'Spicy Chicken Curry', 'sed do eiusmod tempor incididunt', 0, 'american'),
(39, 'Pineapple Fried Rice', 'quis nostrud exercitation ullamco laboris', 1, 'italian'),
(40, 'Caprese Salad', 'sed do eiusmod tempor incididunt', 0, 'chinese'),
(41, 'Pineapple Fried Rice', 'consectetur adipiscing elit', 1, 'mediterranean'),
(42, 'Mushroom Risotto', 'ut labore et dolore magna aliqua', 0, 'chinese'),
(43, 'Spicy Chicken Curry', 'sed do eiusmod tempor incididunt', 1, 'indian'),
(44, 'Mushroom Risotto', 'consectetur adipiscing elit', 0, 'french'),
(45, 'BBQ Pulled Pork Sandwich', 'ut labore et dolore magna aliqua', 1, 'italian'),
(46, 'Teriyaki Salmon Bowl', 'quis nostrud exercitation ullamco laboris', 0, 'greek'),
(47, 'Mushroom Risotto', 'consectetur adipiscing elit', 0, 'indian'),
(48, 'Beef Stroganoff', 'lorem ipsum dolor sit amet', 0, 'indian'),
(49, 'Vegetarian Pad Thai', 'consectetur adipiscing elit', 0, 'greek'),
(50, 'Tofu Stir Fry', 'consectetur adipiscing elit', 0, 'french'),
(51, 'Vegetarian Pad Thai', 'sed do eiusmod tempor incididunt', 1, 'chinese'),
(52, 'Beef Stroganoff', 'lorem ipsum dolor sit amet', 0, 'thai'),
(53, 'Spicy Chicken Curry', 'lorem ipsum dolor sit amet', 1, 'japanese'),
(54, 'Pineapple Fried Rice', 'quis nostrud exercitation ullamco laboris', 1, 'american'),
(55, 'Spicy Chicken Curry', 'lorem ipsum dolor sit amet', 0, 'chinese'),
(56, 'Tofu Stir Fry', 'lorem ipsum dolor sit amet', 1, 'greek'),
(57, 'Vegetarian Pad Thai', 'quis nostrud exercitation ullamco laboris', 1, 'mexican'),
(58, 'Lemon Garlic Shrimp Pasta', 'consectetur adipiscing elit', 0, 'greek'),
(59, 'Tofu Stir Fry', 'quis nostrud exercitation ullamco laboris', 0, 'japanese'),
(60, 'Beef Stroganoff', 'sed do eiusmod tempor incididunt', 0, 'french'),
(61, 'Teriyaki Salmon Bowl', 'consectetur adipiscing elit', 0, 'greek'),
(62, 'BBQ Pulled Pork Sandwich', 'lorem ipsum dolor sit amet', 1, 'greek'),
(63, 'Teriyaki Salmon Bowl', 'ut labore et dolore magna aliqua', 0, 'mediterranean'),
(64, 'Spicy Chicken Curry', 'consectetur adipiscing elit', 1, 'greek'),
(65, 'Pineapple Fried Rice', 'lorem ipsum dolor sit amet', 0, 'mexican'),
(66, 'Tofu Stir Fry', 'ut labore et dolore magna aliqua', 1, 'chinese'),
(67, 'Tofu Stir Fry', 'lorem ipsum dolor sit amet', 0, 'italian'),
(68, 'Tofu Stir Fry', 'lorem ipsum dolor sit amet', 0, 'french'),
(69, 'Spicy Chicken Curry', 'lorem ipsum dolor sit amet', 1, 'mexican'),
(70, 'Vegetarian Pad Thai', 'lorem ipsum dolor sit amet', 0, 'french'),
(71, 'Pineapple Fried Rice', 'ut labore et dolore magna aliqua', 1, 'thai'),
(72, 'Mushroom Risotto', 'sed do eiusmod tempor incididunt', 0, 'french'),
(73, 'Tofu Stir Fry', 'consectetur adipiscing elit', 0, 'mediterranean'),
(74, 'Teriyaki Salmon Bowl', 'quis nostrud exercitation ullamco laboris', 0, 'chinese'),
(75, 'Teriyaki Salmon Bowl', 'sed do eiusmod tempor incididunt', 1, 'thai'),
(76, 'Caprese Salad', 'sed do eiusmod tempor incididunt', 1, 'mexican'),
(77, 'Mushroom Risotto', 'consectetur adipiscing elit', 0, 'chinese'),
(78, 'Tofu Stir Fry', 'sed do eiusmod tempor incididunt', 1, 'american'),
(79, 'Vegetarian Pad Thai', 'consectetur adipiscing elit', 0, 'french'),
(80, 'Lemon Garlic Shrimp Pasta', 'sed do eiusmod tempor incididunt', 0, 'italian'),
(81, 'Mushroom Risotto', 'quis nostrud exercitation ullamco laboris', 0, 'american'),
(82, 'Lemon Garlic Shrimp Pasta', 'lorem ipsum dolor sit amet', 1, 'italian'),
(83, 'Pineapple Fried Rice', 'ut labore et dolore magna aliqua', 1, 'thai'),
(84, 'Beef Stroganoff', 'quis nostrud exercitation ullamco laboris', 1, 'american'),
(85, 'Lemon Garlic Shrimp Pasta', 'quis nostrud exercitation ullamco laboris', 1, 'greek'),
(86, 'Beef Stroganoff', 'quis nostrud exercitation ullamco laboris', 0, 'mexican'),
(87, 'Beef Stroganoff', 'sed do eiusmod tempor incididunt', 0, 'italian'),
(88, 'Spicy Chicken Curry', 'quis nostrud exercitation ullamco laboris', 1, 'greek'),
(89, 'Caprese Salad', 'quis nostrud exercitation ullamco laboris', 1, 'italian'),
(90, 'Spicy Chicken Curry', 'lorem ipsum dolor sit amet', 1, 'french'),
(91, 'Tofu Stir Fry', 'lorem ipsum dolor sit amet', 0, 'thai'),
(92, 'Mushroom Risotto', 'lorem ipsum dolor sit amet', 1, 'indian'),
(93, 'Spicy Chicken Curry', 'ut labore et dolore magna aliqua', 1, 'japanese'),
(94, 'Teriyaki Salmon Bowl', 'consectetur adipiscing elit', 1, 'italian'),
(95, 'Mushroom Risotto', 'sed do eiusmod tempor incididunt', 0, 'american'),
(96, 'Caprese Salad', 'consectetur adipiscing elit', 0, 'chinese'),
(97, 'Tofu Stir Fry', 'quis nostrud exercitation ullamco laboris', 1, 'mexican'),
(98, 'Teriyaki Salmon Bowl', 'sed do eiusmod tempor incididunt', 0, 'japanese'),
(99, 'BBQ Pulled Pork Sandwich', 'ut labore et dolore magna aliqua', 1, 'mexican'),
(100, 'Vegetarian Pad Thai', 'consectetur adipiscing elit', 1, 'mediterranean'),
(101, 'Vegetarian Pad Thai', 'ut labore et dolore magna aliqua', 1, 'french'),
(102, 'Teriyaki Salmon Bowl', 'sed do eiusmod tempor incididunt', 1, 'indian'),
(103, 'Mushroom Risotto', 'sed do eiusmod tempor incididunt', 0, 'american'),
(104, 'Teriyaki Salmon Bowl', 'consectetur adipiscing elit', 0, 'mexican'),
(105, 'Pineapple Fried Rice', 'sed do eiusmod tempor incididunt', 0, 'mexican'),
(106, 'Pineapple Fried Rice', 'lorem ipsum dolor sit amet', 1, 'mediterranean'),
(107, 'Pineapple Fried Rice', 'consectetur adipiscing elit', 1, 'american'),
(108, 'Beef Stroganoff', 'lorem ipsum dolor sit amet', 0, 'thai'),
(109, 'Teriyaki Salmon Bowl', 'lorem ipsum dolor sit amet', 0, 'greek'),
(110, 'Tofu Stir Fry', 'quis nostrud exercitation ullamco laboris', 1, 'japanese'),
(111, 'Vegetarian Pad Thai', 'consectetur adipiscing elit', 0, 'japanese'),
(112, 'Caprese Salad', 'consectetur adipiscing elit', 0, 'mexican'),
(113, 'Mushroom Risotto', 'sed do eiusmod tempor incididunt', 1, 'mediterranean'),
(114, 'Lemon Garlic Shrimp Pasta', 'quis nostrud exercitation ullamco laboris', 0, 'mediterranean'),
(115, 'Vegetarian Pad Thai', 'consectetur adipiscing elit', 1, 'mediterranean'),
(116, 'Vegetarian Pad Thai', 'ut labore et dolore magna aliqua', 1, 'american'),
(117, 'Beef Stroganoff', 'lorem ipsum dolor sit amet', 0, 'indian'),
(118, 'Beef Stroganoff', 'ut labore et dolore magna aliqua', 0, 'mediterranean'),
(119, 'Teriyaki Salmon Bowl', 'consectetur adipiscing elit', 1, 'american'),
(120, 'Lemon Garlic Shrimp Pasta', 'lorem ipsum dolor sit amet', 1, 'french'),
(121, 'Mushroom Risotto', 'quis nostrud exercitation ullamco laboris', 0, 'french'),
(122, 'Mushroom Risotto', 'consectetur adipiscing elit', 0, 'chinese'),
(123, 'Pineapple Fried Rice', 'sed do eiusmod tempor incididunt', 1, 'mexican'),
(124, 'Spicy Chicken Curry', 'lorem ipsum dolor sit amet', 0, 'indian'),
(125, 'BBQ Pulled Pork Sandwich', 'consectetur adipiscing elit', 0, 'chinese'),
(126, 'BBQ Pulled Pork Sandwich', 'lorem ipsum dolor sit amet', 1, 'french'),
(127, 'BBQ Pulled Pork Sandwich', 'quis nostrud exercitation ullamco laboris', 1, 'mexican'),
(128, 'Spicy Chicken Curry', 'sed do eiusmod tempor incididunt', 1, 'japanese'),
(129, 'Teriyaki Salmon Bowl', 'lorem ipsum dolor sit amet', 1, 'italian'),
(130, 'Spicy Chicken Curry', 'sed do eiusmod tempor incididunt', 0, 'mediterranean'),
(131, 'Vegetarian Pad Thai', 'ut labore et dolore magna aliqua', 0, 'japanese'),
(132, 'Mushroom Risotto', 'quis nostrud exercitation ullamco laboris', 0, 'french'),
(133, 'Spicy Chicken Curry', 'ut labore et dolore magna aliqua', 0, 'italian'),
(134, 'Teriyaki Salmon Bowl', 'lorem ipsum dolor sit amet', 1, 'italian'),
(135, 'Lemon Garlic Shrimp Pasta', 'lorem ipsum dolor sit amet', 0, 'american'),
(136, 'Mushroom Risotto', 'sed do eiusmod tempor incididunt', 0, 'mediterranean'),
(137, 'Tofu Stir Fry', 'ut labore et dolore magna aliqua', 0, 'greek'),
(138, 'Spicy Chicken Curry', 'ut labore et dolore magna aliqua', 0, 'mexican'),
(139, 'Caprese Salad', 'sed do eiusmod tempor incididunt', 0, 'mexican'),
(140, 'Beef Stroganoff', 'lorem ipsum dolor sit amet', 0, 'japanese'),
(141, 'Caprese Salad', 'ut labore et dolore magna aliqua', 0, 'mexican'),
(142, 'Pineapple Fried Rice', 'quis nostrud exercitation ullamco laboris', 0, 'american'),
(143, 'Caprese Salad', 'sed do eiusmod tempor incididunt', 1, 'japanese'),
(144, 'Lemon Garlic Shrimp Pasta', 'consectetur adipiscing elit', 0, 'greek'),
(145, 'Lemon Garlic Shrimp Pasta', 'lorem ipsum dolor sit amet', 1, 'italian'),
(146, 'Mushroom Risotto', 'lorem ipsum dolor sit amet', 0, 'japanese'),
(147, 'Pineapple Fried Rice', 'quis nostrud exercitation ullamco laboris', 1, 'french'),
(148, 'Vegetarian Pad Thai', 'quis nostrud exercitation ullamco laboris', 0, 'thai'),
(149, 'Spicy Chicken Curry', 'ut labore et dolore magna aliqua', 0, 'mexican'),
(150, 'Caprese Salad', 'quis nostrud exercitation ullamco laboris', 1, 'mexican'),
(151, 'Pineapple Fried Rice', 'quis nostrud exercitation ullamco laboris', 1, 'mexican'),
(152, 'BBQ Pulled Pork Sandwich', 'lorem ipsum dolor sit amet', 1, 'mediterranean'),
(153, 'Mushroom Risotto', 'quis nostrud exercitation ullamco laboris', 1, 'mexican'),
(154, 'Lemon Garlic Shrimp Pasta', 'ut labore et dolore magna aliqua', 0, 'mediterranean'),
(155, 'Pineapple Fried Rice', 'lorem ipsum dolor sit amet', 0, 'mexican'),
(156, 'Pineapple Fried Rice', 'ut labore et dolore magna aliqua', 1, 'mexican'),
(157, 'Spicy Chicken Curry', 'consectetur adipiscing elit', 0, 'french'),
(158, 'Caprese Salad', 'sed do eiusmod tempor incididunt', 0, 'japanese'),
(159, 'Tofu Stir Fry', 'lorem ipsum dolor sit amet', 0, 'chinese'),
(160, 'Mushroom Risotto', 'ut labore et dolore magna aliqua', 0, 'american'),
(161, 'Pineapple Fried Rice', 'lorem ipsum dolor sit amet', 1, 'greek'),
(162, 'Vegetarian Pad Thai', 'sed do eiusmod tempor incididunt', 1, 'mexican'),
(163, 'Pineapple Fried Rice', 'quis nostrud exercitation ullamco laboris', 0, 'mexican'),
(164, 'Vegetarian Pad Thai', 'consectetur adipiscing elit', 1, 'chinese'),
(165, 'Vegetarian Pad Thai', 'quis nostrud exercitation ullamco laboris', 1, 'greek'),
(166, 'Teriyaki Salmon Bowl', 'lorem ipsum dolor sit amet', 1, 'greek'),
(167, 'BBQ Pulled Pork Sandwich', 'quis nostrud exercitation ullamco laboris', 1, 'indian'),
(168, 'BBQ Pulled Pork Sandwich', 'quis nostrud exercitation ullamco laboris', 0, 'italian'),
(169, 'Lemon Garlic Shrimp Pasta', 'quis nostrud exercitation ullamco laboris', 1, 'mediterranean'),
(170, 'Tofu Stir Fry', 'consectetur adipiscing elit', 1, 'indian'),
(171, 'Beef Stroganoff', 'lorem ipsum dolor sit amet', 0, 'american'),
(172, 'Teriyaki Salmon Bowl', 'lorem ipsum dolor sit amet', 0, 'mediterranean'),
(173, 'Tofu Stir Fry', 'lorem ipsum dolor sit amet', 0, 'french'),
(174, 'Vegetarian Pad Thai', 'ut labore et dolore magna aliqua', 0, 'indian'),
(175, 'Beef Stroganoff', 'ut labore et dolore magna aliqua', 0, 'mediterranean'),
(176, 'Lemon Garlic Shrimp Pasta', 'ut labore et dolore magna aliqua', 1, 'mexican'),
(177, 'Beef Stroganoff', 'lorem ipsum dolor sit amet', 0, 'american'),
(178, 'Caprese Salad', 'ut labore et dolore magna aliqua', 1, 'french'),
(179, 'Teriyaki Salmon Bowl', 'sed do eiusmod tempor incididunt', 0, 'mexican'),
(180, 'Tofu Stir Fry', 'lorem ipsum dolor sit amet', 0, 'italian'),
(181, 'Tofu Stir Fry', 'consectetur adipiscing elit', 0, 'mexican'),
(182, 'Beef Stroganoff', 'quis nostrud exercitation ullamco laboris', 0, 'mexican'),
(183, 'Caprese Salad', 'consectetur adipiscing elit', 0, 'french'),
(184, 'Vegetarian Pad Thai', 'sed do eiusmod tempor incididunt', 1, 'japanese'),
(185, 'Spicy Chicken Curry', 'consectetur adipiscing elit', 0, 'chinese'),
(186, 'Pineapple Fried Rice', 'lorem ipsum dolor sit amet', 0, 'japanese'),
(187, 'Caprese Salad', 'sed do eiusmod tempor incididunt', 1, 'mediterranean'),
(188, 'BBQ Pulled Pork Sandwich', 'quis nostrud exercitation ullamco laboris', 0, 'thai'),
(189, 'Lemon Garlic Shrimp Pasta', 'lorem ipsum dolor sit amet', 1, 'mediterranean'),
(190, 'Vegetarian Pad Thai', 'lorem ipsum dolor sit amet', 1, 'american'),
(191, 'Caprese Salad', 'consectetur adipiscing elit', 0, 'indian'),
(192, 'BBQ Pulled Pork Sandwich', 'sed do eiusmod tempor incididunt', 0, 'indian'),
(193, 'BBQ Pulled Pork Sandwich', 'quis nostrud exercitation ullamco laboris', 1, 'chinese'),
(194, 'Caprese Salad', 'sed do eiusmod tempor incididunt', 0, 'greek'),
(195, 'BBQ Pulled Pork Sandwich', 'consectetur adipiscing elit', 1, 'indian'),
(196, 'BBQ Pulled Pork Sandwich', 'lorem ipsum dolor sit amet', 1, 'french'),
(197, 'Tofu Stir Fry', 'quis nostrud exercitation ullamco laboris', 0, 'japanese'),
(198, 'Pineapple Fried Rice', 'sed do eiusmod tempor incididunt', 1, 'thai'),
(199, 'Caprese Salad', 'quis nostrud exercitation ullamco laboris', 0, 'mediterranean'),
(200, 'Pineapple Fried Rice', 'ut labore et dolore magna aliqua', 1, 'french');

-- --------------------------------------------------------

--
-- Struktura tabeli dla tabeli `dania_skladniki`
--

CREATE TABLE `dania_skladniki` (
  `id_dania` int(11) NOT NULL,
  `id_skladniki` int(11) NOT NULL
) ENGINE=InnoDB DEFAULT CHARSET=utf8mb4 COLLATE=utf8mb4_general_ci;

--
-- Dumping data for table `dania_skladniki`
--

INSERT INTO `dania_skladniki` (`id_dania`, `id_skladniki`) VALUES
(103, 5),
(107, 9),
(185, 13),
(120, 18),
(117, 22),
(161, 23),
(182, 25),
(140, 26),
(178, 28),
(138, 29),
(4, 33),
(119, 33),
(2, 39),
(192, 44),
(143, 45),
(65, 65),
(28, 73),
(151, 78),
(177, 78),
(38, 80),
(142, 81),
(4, 85),
(144, 88),
(27, 100),
(44, 103),
(78, 104),
(83, 122),
(156, 122),
(175, 123),
(122, 130),
(38, 136),
(97, 136),
(10, 141),
(72, 145),
(48, 149),
(51, 149),
(62, 152),
(119, 155),
(115, 156),
(172, 163),
(115, 165),
(159, 166),
(175, 167),
(86, 168),
(22, 173),
(60, 174),
(88, 181),
(92, 184),
(122, 195),
(146, 200);

-- --------------------------------------------------------

--
-- Struktura tabeli dla tabeli `restauracje`
--

CREATE TABLE `restauracje` (
  `id` int(11) NOT NULL,
  `nazwa_restauracji` varchar(255) NOT NULL,
  `panstwo` varchar(62) NOT NULL,
  `miasto` varchar(60) NOT NULL,
  `ulica` varchar(255) NOT NULL
) ENGINE=InnoDB DEFAULT CHARSET=utf8mb4 COLLATE=utf8mb4_general_ci;

--
-- Dumping data for table `restauracje`
--

INSERT INTO `restauracje` (`id`, `nazwa_restauracji`, `panstwo`, `miasto`, `ulica`) VALUES
(1, 'Sushi Sensation', 'Portugal', 'Guia', '6 Northridge Parkway'),
(2, 'Waffle Wonderland', 'China', 'Lenghu', '6 Oakridge Place'),
(3, 'Taco Time', 'Tajikistan', 'Vakhsh', '3 Barby Avenue'),
(4, 'Pizza Palace', 'Russia', 'Sovetskoye', '688 Crest Line Lane'),
(5, 'Burger Barn', 'Poland', 'Pecna', '62691 Morning Center'),
(6, 'Pizza Palace', 'South Africa', 'Lydenburg', '1648 Coolidge Avenue'),
(7, 'Waffle Wonderland', 'Portugal', 'Palmeiros', '9075 Hintze Pass'),
(8, 'Pasta Paradise', 'Mexico', 'Morelos', '093 Stoughton Circle'),
(9, 'Pizza Palace', 'China', 'Xiagang', '0 Londonderry Lane'),
(10, 'Smoothie Spot', 'Samoa', 'Safotu', '57 Morrow Plaza'),
(11, 'Smoothie Spot', 'Croatia', 'Drnje', '19015 Morning Avenue'),
(12, 'Sizzling Sausage Shack', 'Ireland', 'Rathdrum', '408 Ridgeway Place'),
(13, 'Pizza Palace', 'Malaysia', 'Kuching', '484 Oxford Hill'),
(14, 'Taco Time', 'Jordan', 'Mafraq', '18 Hayes Terrace'),
(15, 'Waffle Wonderland', 'Turkmenistan', 'Bayramaly', '688 Butterfield Park'),
(16, 'Smoothie Spot', 'Burkina Faso', 'Koudougou', '05155 Starling Trail'),
(17, 'Sushi Sensation', 'Russia', 'Yegor’yevsk', '8091 Old Gate Junction'),
(18, 'Pasta Paradise', 'France', 'Le Teil', '2 Veith Alley'),
(19, 'Waffle Wonderland', 'Iran', 'Tehrān', '3376 Moland Hill'),
(20, 'The Hungry Hippo', 'Indonesia', 'Krajan Sale', '88 International Parkway'),
(21, 'Pasta Paradise', 'China', 'Jingping', '45 Onsgard Trail'),
(22, 'Waffle Wonderland', 'France', 'Nantes', '9 Randy Street'),
(23, 'Pizza Palace', 'Venezuela', 'La Quebrada', '7937 Laurel Center'),
(24, 'Smoothie Spot', 'Indonesia', 'Utan', '8006 Messerschmidt Terrace'),
(25, 'The Hungry Hippo', 'Philippines', 'San Isidro', '3 Bellgrove Way'),
(26, 'Pasta Paradise', 'Argentina', 'Chimbas', '6748 Grayhawk Point'),
(27, 'Burger Barn', 'China', 'Fusheng', '61 Barnett Crossing'),
(28, 'Sushi Sensation', 'China', 'Jinhua', '81480 Steensland Circle'),
(29, 'Sizzling Sausage Shack', 'Madagascar', 'Toamasina', '86312 Express Circle'),
(30, 'Burger Barn', 'Colombia', 'Chivor', '37395 Rockefeller Parkway'),
(31, 'The Hungry Hippo', 'United States', 'Memphis', '656 Jackson Lane'),
(32, 'Waffle Wonderland', 'Peru', 'Cabanilla', '5 Rieder Plaza'),
(33, 'Pizza Palace', 'Poland', 'Komprachcice', '0485 Chive Avenue'),
(34, 'Pasta Paradise', 'China', 'Wenbi', '019 Beilfuss Circle'),
(35, 'Burger Barn', 'China', 'Shangchewan', '6 Lyons Place'),
(36, 'Sizzling Sausage Shack', 'China', 'Bamencheng', '0 Dixon Crossing'),
(37, 'Taco Time', 'Afghanistan', 'Qarqīn', '02025 Colorado Alley'),
(38, 'The Hungry Hippo', 'Portugal', 'Vale da Serra', '03 Hudson Way'),
(39, 'Pasta Paradise', 'China', 'Xiongji', '44 Manitowish Street'),
(40, 'Taco Time', 'Poland', 'Chodzież', '66 Alpine Point'),
(41, 'Pizza Palace', 'Indonesia', 'Bader', '2 Thackeray Drive'),
(42, 'Pizza Palace', 'Philippines', 'San Jose', '6484 Sycamore Street'),
(43, 'Pizza Palace', 'Gambia', 'Sara Kunda', '136 Schlimgen Road'),
(44, 'Sushi Sensation', 'Portugal', 'Quintãs', '11495 Stoughton Avenue'),
(45, 'BBQ Bonanza', 'China', 'Huangsha', '2 Northview Road'),
(46, 'Pizza Palace', 'Thailand', 'Kantharalak', '3798 Sunbrook Park'),
(47, 'The Hungry Hippo', 'Guinea', 'Tokonou', '9 Anniversary Plaza'),
(48, 'Sizzling Sausage Shack', 'Philippines', 'Calaoagan', '518 Mcbride Hill'),
(49, 'Burger Barn', 'El Salvador', 'Atiquizaya', '137 Brown Park'),
(50, 'BBQ Bonanza', 'Albania', 'Grekan', '7 Hanson Trail'),
(51, 'Sizzling Sausage Shack', 'Indonesia', 'Oenaik', '723 Jay Park'),
(52, 'Pizza Palace', 'China', 'Luntai', '90 Golf View Terrace'),
(53, 'BBQ Bonanza', 'Kiribati', 'Rawannawi Village', '861 Myrtle Trail'),
(54, 'Sushi Sensation', 'Ukraine', 'Korolevo', '2 Heffernan Street'),
(55, 'BBQ Bonanza', 'Japan', 'Sasaguri', '9 Blackbird Circle'),
(56, 'The Hungry Hippo', 'Honduras', 'El Olivar', '7344 Hollow Ridge Road'),
(57, 'Pizza Palace', 'China', 'Dongda', '8 Blaine Hill'),
(58, 'The Hungry Hippo', 'Portugal', 'Alminhas', '29279 Sommers Plaza'),
(59, 'Pasta Paradise', 'Indonesia', 'Nangewer', '815 Anniversary Lane'),
(60, 'Taco Time', 'Guinea', 'Coyah', '05493 Texas Place'),
(61, 'BBQ Bonanza', 'China', 'Maojia', '444 School Street'),
(62, 'Burger Barn', 'Japan', 'Funehikimachi-funehiki', '78 Becker Hill'),
(63, 'Smoothie Spot', 'Norway', 'Moss', '44827 Talmadge Plaza'),
(64, 'Smoothie Spot', 'China', 'Beijie', '898 Portage Terrace'),
(65, 'Smoothie Spot', 'Colombia', 'La Tebaida', '72 Londonderry Alley'),
(66, 'Pizza Palace', 'Finland', 'Iniö', '0 Donald Lane'),
(67, 'Sushi Sensation', 'Poland', 'Wróblew', '0337 Rigney Junction'),
(68, 'Pasta Paradise', 'Senegal', 'Richard-Toll', '257 Sundown Park'),
(69, 'Sushi Sensation', 'Colombia', 'Pijao', '34905 Holmberg Circle'),
(70, 'Pasta Paradise', 'China', 'Mandalt', '0543 Sullivan Trail'),
(71, 'Sushi Sensation', 'Russia', 'Taganrog', '7 Lighthouse Bay Hill'),
(72, 'Pizza Palace', 'Indonesia', 'Banjar Batuaji Kaja', '7 Dayton Terrace'),
(73, 'Pizza Palace', 'Indonesia', 'Faeanak Dua', '08 Prairieview Way'),
(74, 'The Hungry Hippo', 'Sweden', 'Lidköping', '7 School Terrace'),
(75, 'The Hungry Hippo', 'China', 'Chisong', '719 Loomis Center'),
(76, 'Sizzling Sausage Shack', 'Indonesia', 'Tawangrejo', '7 Katie Drive'),
(77, 'Smoothie Spot', 'Poland', 'Piotrków Kujawski', '38977 West Park'),
(78, 'The Hungry Hippo', 'Indonesia', 'Cibalung', '82301 Summerview Place'),
(79, 'BBQ Bonanza', 'China', 'Dachuan', '5020 Clemons Terrace'),
(80, 'Sushi Sensation', 'China', 'Jingzhu', '25411 Lerdahl Alley'),
(81, 'Sizzling Sausage Shack', 'China', 'Wujia', '5139 Bayside Road'),
(82, 'Smoothie Spot', 'Macedonia', 'Jankovec', '66 Westridge Park'),
(83, 'Pizza Palace', 'Thailand', 'Kalasin', '7569 Pankratz Hill'),
(84, 'Sushi Sensation', 'Philippines', 'España', '119 Manitowish Plaza'),
(85, 'Waffle Wonderland', 'Russia', 'Svetlyy Yar', '9 Hallows Place'),
(86, 'Pizza Palace', 'Argentina', 'Villa General Belgrano', '9136 Grayhawk Way'),
(87, 'Burger Barn', 'United States', 'San Antonio', '6072 Utah Circle'),
(88, 'Pasta Paradise', 'China', 'Yantai', '31 Johnson Circle'),
(89, 'Sushi Sensation', 'Sweden', 'Färgelanda', '60864 Ruskin Circle'),
(90, 'Waffle Wonderland', 'El Salvador', 'Cacaopera', '1846 Sunfield Road'),
(91, 'Smoothie Spot', 'Mongolia', 'Har-Us', '2161 Armistice Lane'),
(92, 'Burger Barn', 'China', 'Sanligang', '1199 School Center'),
(93, 'Sushi Sensation', 'Argentina', 'Hualfín', '38 Utah Road'),
(94, 'Taco Time', 'Guatemala', 'San Pedro Sacatepéquez', '82 New Castle Place'),
(95, 'Smoothie Spot', 'Poland', 'Ryki', '5152 Charing Cross Parkway'),
(96, 'Burger Barn', 'Azerbaijan', 'Goranboy', '227 Becker Parkway'),
(97, 'Waffle Wonderland', 'Portugal', 'Sobreira', '9067 Loftsgordon Drive'),
(98, 'Taco Time', 'Peru', 'Quiches', '1944 Namekagon Parkway'),
(99, 'Taco Time', 'Ukraine', 'Voyutychi', '5542 Blackbird Drive'),
(100, 'Pasta Paradise', 'Russia', 'Zarya', '25548 Londonderry Court'),
(101, 'Sushi Sensation', 'Poland', 'Targanice', '97045 Oneill Alley'),
(102, 'Sushi Sensation', 'Macedonia', 'Bosilovo', '208 Dottie Point'),
(103, 'Pizza Palace', 'China', 'Jinyuan', '89 Myrtle Lane'),
(104, 'BBQ Bonanza', 'Indonesia', 'Krajan Tanjungrejo', '61088 Judy Lane'),
(105, 'Burger Barn', 'Russia', 'Kenzhe', '847 Banding Hill'),
(106, 'Smoothie Spot', 'Russia', 'Bayangol', '12095 Riverside Center'),
(107, 'Sushi Sensation', 'Russia', 'Kalanguy', '0821 Bunting Street'),
(108, 'Pasta Paradise', 'Russia', 'Kimry', '33 Stone Corner Parkway'),
(109, 'Sushi Sensation', 'Argentina', 'Paraná', '487 Stuart Court'),
(110, 'Burger Barn', 'Thailand', 'Ban Chalong', '99 Petterle Plaza'),
(111, 'Sushi Sensation', 'Estonia', 'Pärnu-Jaagupi', '20 Fulton Lane'),
(112, 'BBQ Bonanza', 'Portugal', 'Toutosa', '1982 Charing Cross Court'),
(113, 'Smoothie Spot', 'Czech Republic', 'Sokolov', '4870 Haas Street'),
(114, 'Taco Time', 'Portugal', 'São Martinho do Campo', '894 Amoth Center'),
(115, 'Sushi Sensation', 'Afghanistan', 'Nīkêh', '10967 Manley Street'),
(116, 'Taco Time', 'Cameroon', 'Mokolo', '60078 Kim Plaza'),
(117, 'Sushi Sensation', 'Brazil', 'Rancharia', '412 Paget Alley'),
(118, 'Sushi Sensation', 'Spain', 'Ferrol', '686 Reinke Court'),
(119, 'Taco Time', 'Mexico', 'Emiliano Zapata', '5556 Sunbrook Avenue'),
(120, 'The Hungry Hippo', 'Russia', 'Drakino', '865 Ridgeway Lane'),
(121, 'Pizza Palace', 'Russia', 'Mama', '8861 Forest Run Place'),
(122, 'Sushi Sensation', 'Sweden', 'Göteborg', '7975 Transport Crossing'),
(123, 'Pasta Paradise', 'China', 'Jinping', '59 Sachtjen Center'),
(124, 'The Hungry Hippo', 'Brazil', 'Nazaré', '978 Debs Pass'),
(125, 'Taco Time', 'Marshall Islands', 'Likiep', '3 Longview Place'),
(126, 'The Hungry Hippo', 'Thailand', 'Amphoe Sikhiu', '2939 Grover Plaza'),
(127, 'Sushi Sensation', 'China', 'Xiaheqing', '4 Hollow Ridge Drive'),
(128, 'Smoothie Spot', 'Canada', 'Rosthern', '3 Eliot Drive'),
(129, 'Pizza Palace', 'Tanzania', 'Dodoma', '3960 Bunker Hill Place'),
(130, 'Sizzling Sausage Shack', 'Japan', 'Ashikaga', '7320 Becker Avenue'),
(131, 'Burger Barn', 'Thailand', 'Bang Kruai', '1 Anzinger Avenue'),
(132, 'Sizzling Sausage Shack', 'Poland', 'Rekowo Dolne', '43111 Service Pass'),
(133, 'Smoothie Spot', 'Portugal', 'Corgo', '2363 Talisman Point'),
(134, 'Sushi Sensation', 'Armenia', 'Dvin', '2 Comanche Avenue'),
(135, 'Sizzling Sausage Shack', 'Portugal', 'Portela', '495 Morningstar Street'),
(136, 'Waffle Wonderland', 'United States', 'Wichita', '525 Buell Street'),
(137, 'Sizzling Sausage Shack', 'Guatemala', 'San Miguel Dueñas', '3 Roxbury Park'),
(138, 'Taco Time', 'China', 'Xijia', '76329 Butternut Road'),
(139, 'Waffle Wonderland', 'France', 'Saint-Laurent-Blangy', '6 Artisan Lane'),
(140, 'Pasta Paradise', 'United States', 'Frankfort', '3 Dryden Plaza'),
(141, 'Taco Time', 'Nigeria', 'Kano', '041 Prentice Road'),
(142, 'Pasta Paradise', 'China', 'Jiangtou', '6 Donald Pass'),
(143, 'Pizza Palace', 'Greece', 'Malesína', '7 Victoria Lane'),
(144, 'Smoothie Spot', 'France', 'Strasbourg', '89 Westport Drive'),
(145, 'Smoothie Spot', 'China', 'Zhanjiang', '47 Linden Drive'),
(146, 'Smoothie Spot', 'Indonesia', 'Suka Makmue', '0 Bultman Hill'),
(147, 'Pizza Palace', 'Afghanistan', 'Qal‘ah-ye Na‘īm', '8693 Grasskamp Place'),
(148, 'Taco Time', 'China', 'Bailang', '87691 Larry Street'),
(149, 'Sushi Sensation', 'Poland', 'Sędziszów', '58 Stone Corner Alley'),
(150, 'The Hungry Hippo', 'Indonesia', 'Sambungjaya', '00531 Shoshone Park'),
(151, 'Waffle Wonderland', 'Ireland', 'Dunlewy', '82 Larry Street'),
(152, 'Waffle Wonderland', 'Iran', 'Chelgard', '31 Commercial Street'),
(153, 'BBQ Bonanza', 'Bulgaria', 'Dobrich', '6742 Oxford Alley'),
(154, 'The Hungry Hippo', 'Ireland', 'Glasnevin', '759 Fallview Hill'),
(155, 'Sizzling Sausage Shack', 'Philippines', 'Buliran Segundo', '14 South Parkway'),
(156, 'Pizza Palace', 'Indonesia', 'Ngurensiti', '055 Pierstorff Avenue'),
(157, 'Waffle Wonderland', 'Albania', 'Bubullimë', '49901 Michigan Road'),
(158, 'Pasta Paradise', 'Poland', 'Krosno', '23 Barnett Court'),
(159, 'BBQ Bonanza', 'Belarus', 'Novosel’ye', '2 Rowland Hill'),
(160, 'Pizza Palace', 'France', 'Nantes', '51903 Evergreen Trail'),
(161, 'Sizzling Sausage Shack', 'Mexico', 'Niños Heroes', '46 Sloan Street'),
(162, 'Sushi Sensation', 'France', 'Nantes', '89 Annamark Center'),
(163, 'Pizza Palace', 'Malaysia', 'Kuantan', '61 Waubesa Circle'),
(164, 'Sizzling Sausage Shack', 'China', 'Xianyan', '10136 Granby Avenue'),
(165, 'Pizza Palace', 'France', 'Nice', '126 Iowa Avenue'),
(166, 'Pasta Paradise', 'Honduras', 'Veracruz', '7 Bellgrove Center'),
(167, 'Pizza Palace', 'Ukraine', 'Simeykyne', '312 Sutteridge Terrace'),
(168, 'Sizzling Sausage Shack', 'Sweden', 'Åhus', '2 Hazelcrest Junction'),
(169, 'Taco Time', 'Serbia', 'Bogojevo', '7687 2nd Terrace'),
(170, 'BBQ Bonanza', 'Indonesia', 'Tunasbaru', '8 Eliot Alley'),
(171, 'The Hungry Hippo', 'Saint Barthelemy', 'Gustavia', '345 Elgar Junction'),
(172, 'Pizza Palace', 'Palestinian Territory', 'Ḩajjah', '23569 Summerview Terrace'),
(173, 'Waffle Wonderland', 'Indonesia', 'Sukawening', '574 Summerview Plaza'),
(174, 'Sushi Sensation', 'Philippines', 'Salaza', '0 Loftsgordon Road'),
(175, 'The Hungry Hippo', 'Russia', 'Yaransk', '14899 Mandrake Way'),
(176, 'Pasta Paradise', 'Peru', 'Angasmarca', '37908 Walton Point'),
(177, 'Waffle Wonderland', 'China', 'Jiangwang', '87569 American Plaza'),
(178, 'Pasta Paradise', 'Ukraine', 'Pidvolochys’k', '84537 Shopko Plaza'),
(179, 'Pasta Paradise', 'Russia', 'Goragorskiy', '313 Forest Run Alley'),
(180, 'BBQ Bonanza', 'Latvia', 'Aloja', '298 Thierer Pass'),
(181, 'Smoothie Spot', 'Colombia', 'El Cerrito', '5950 Delaware Avenue'),
(182, 'Smoothie Spot', 'Portugal', 'Zouparria do Monte', '76687 Goodland Junction'),
(183, 'The Hungry Hippo', 'Indonesia', 'Minian', '9 Sunbrook Junction'),
(184, 'The Hungry Hippo', 'Russia', 'Podkamennaya Tunguska', '85193 Delaware Point'),
(185, 'BBQ Bonanza', 'Indonesia', 'Nangerang', '95 Mesta Pass'),
(186, 'Waffle Wonderland', 'China', 'Tanbuqiao', '4237 Pawling Drive'),
(187, 'Waffle Wonderland', 'Poland', 'Wesoła', '48365 Superior Way'),
(188, 'Taco Time', 'Indonesia', 'Haruai', '9993 Shopko Lane'),
(189, 'Sushi Sensation', 'Indonesia', 'Pajaten', '5262 Springview Trail'),
(190, 'Sushi Sensation', 'Ireland', 'Enniskerry', '7 Green Terrace'),
(191, 'Taco Time', 'Ecuador', 'Gualaceo', '98712 Meadow Valley Terrace'),
(192, 'Taco Time', 'Peru', 'Huallanca', '24048 Elgar Parkway'),
(193, 'Taco Time', 'Indonesia', 'Pringgoboyo', '2706 Village Green Avenue'),
(194, 'Sizzling Sausage Shack', 'China', 'Suhe', '493 Norway Maple Way'),
(195, 'Pizza Palace', 'Netherlands', 'Maastricht', '734 Hollow Ridge Parkway'),
(196, 'Smoothie Spot', 'Indonesia', 'Sendung', '175 Hallows Crossing'),
(197, 'BBQ Bonanza', 'Indonesia', 'Pajung', '5476 Harbort Hill'),
(198, 'BBQ Bonanza', 'China', 'Caicun', '1 Village Crossing'),
(199, 'BBQ Bonanza', 'Guatemala', 'Escuintla', '59 Bay Street'),
(200, 'Smoothie Spot', 'Belarus', 'Brahin', '94 Meadow Valley Trail');

-- --------------------------------------------------------

--
-- Struktura tabeli dla tabeli `restauracje_dania`
--

CREATE TABLE `restauracje_dania` (
  `id_restauracja` int(11) NOT NULL,
  `id_dania` int(11) NOT NULL
) ENGINE=InnoDB DEFAULT CHARSET=utf8mb4 COLLATE=utf8mb4_general_ci;

--
-- Dumping data for table `restauracje_dania`
--

INSERT INTO `restauracje_dania` (`id_restauracja`, `id_dania`) VALUES
(2, 50),
(2, 162),
(3, 9),
(4, 113),
(5, 154),
(6, 51),
(6, 198),
(7, 54),
(7, 63),
(8, 72),
(8, 192),
(10, 42),
(11, 178),
(12, 166),
(13, 121),
(13, 170),
(14, 179),
(16, 30),
(16, 41),
(16, 66),
(17, 15),
(18, 58),
(20, 5),
(20, 36),
(20, 81),
(20, 122),
(25, 177),
(26, 59),
(26, 193),
(27, 184),
(28, 189),
(30, 28),
(33, 65),
(33, 77),
(34, 171),
(34, 185),
(35, 38),
(35, 173),
(36, 20),
(36, 170),
(39, 65),
(40, 75),
(43, 40),
(44, 58),
(44, 85),
(44, 167),
(45, 106),
(46, 40),
(47, 9),
(47, 49),
(49, 125),
(49, 160),
(50, 76),
(50, 170),
(52, 90),
(52, 153),
(52, 173),
(55, 16),
(57, 76),
(57, 146),
(58, 27),
(60, 52),
(63, 96),
(64, 54),
(64, 103),
(64, 110),
(68, 92),
(73, 140),
(75, 132),
(75, 138),
(76, 86),
(76, 148),
(78, 120),
(79, 12),
(80, 149),
(80, 191),
(81, 118),
(82, 76),
(83, 62),
(83, 69),
(83, 103),
(84, 12),
(84, 70),
(85, 70),
(88, 172),
(89, 27),
(89, 147),
(90, 72),
(94, 19),
(94, 111),
(94, 132),
(95, 99),
(96, 37),
(99, 174),
(100, 12),
(100, 133),
(102, 55),
(103, 96),
(104, 44),
(104, 106),
(104, 135),
(104, 160),
(104, 173),
(106, 174),
(107, 194),
(108, 4),
(109, 41),
(109, 78),
(109, 93),
(109, 107),
(110, 105),
(110, 148),
(110, 183),
(110, 194),
(111, 17),
(111, 82),
(112, 92),
(113, 122),
(114, 149),
(114, 160),
(115, 184),
(116, 170),
(117, 181),
(117, 192),
(119, 51),
(120, 183),
(121, 12),
(122, 131),
(124, 70),
(128, 187),
(131, 62),
(132, 169),
(132, 174),
(132, 183),
(133, 34),
(133, 175),
(135, 76),
(135, 139),
(137, 81),
(138, 127),
(138, 138),
(138, 145),
(141, 47),
(141, 87),
(142, 72),
(142, 82),
(143, 103),
(143, 132),
(146, 41),
(147, 155),
(149, 102),
(149, 190),
(150, 15),
(157, 143),
(160, 23),
(160, 82),
(161, 87),
(161, 167),
(164, 48),
(164, 54),
(166, 151),
(167, 34),
(167, 136),
(170, 131),
(171, 121),
(171, 164),
(172, 127),
(173, 55),
(174, 106),
(175, 78),
(175, 130),
(176, 28),
(177, 2),
(177, 157),
(178, 2),
(178, 118),
(179, 119),
(181, 15),
(181, 64),
(182, 102),
(183, 75),
(183, 166),
(183, 171),
(184, 169),
(185, 1),
(185, 122),
(188, 122),
(188, 160),
(189, 175),
(190, 3),
(190, 79),
(192, 72),
(194, 120),
(196, 69),
(196, 135),
(197, 147),
(198, 68),
(198, 110),
(199, 39),
(200, 147);

-- --------------------------------------------------------

--
-- Struktura tabeli dla tabeli `skladniki`
--

CREATE TABLE `skladniki` (
  `id` int(11) NOT NULL,
  `nazwa_skladnika` varchar(50) NOT NULL
) ENGINE=InnoDB DEFAULT CHARSET=utf8mb4 COLLATE=utf8mb4_general_ci;

--
-- Dumping data for table `skladniki`
--

INSERT INTO `skladniki` (`id`, `nazwa_skladnika`) VALUES
(1, 'sugar'),
(2, 'vanilla extract'),
(3, 'vanilla extract'),
(4, 'sugar'),
(5, 'sugar'),
(6, 'sugar'),
(7, 'flour'),
(8, 'salt'),
(9, 'cinnamon'),
(10, 'flour'),
(11, 'salt'),
(12, 'chocolate chips'),
(13, 'baking powder'),
(14, 'milk'),
(15, 'cinnamon'),
(16, 'cinnamon'),
(17, 'flour'),
(18, 'butter'),
(19, 'cinnamon'),
(20, 'chocolate chips'),
(21, 'milk'),
(22, 'flour'),
(23, 'cinnamon'),
(24, 'vanilla extract'),
(25, 'vanilla extract'),
(26, 'flour'),
(27, 'milk'),
(28, 'sugar'),
(29, 'sugar'),
(30, 'salt'),
(31, 'sugar'),
(32, 'eggs'),
(33, 'milk'),
(34, 'butter'),
(35, 'eggs'),
(36, 'flour'),
(37, 'eggs'),
(38, 'baking powder'),
(39, 'eggs'),
(40, 'butter'),
(41, 'chocolate chips'),
(42, 'baking powder'),
(43, 'cinnamon'),
(44, 'milk'),
(45, 'eggs'),
(46, 'salt'),
(47, 'baking powder'),
(48, 'eggs'),
(49, 'vanilla extract'),
(50, 'eggs'),
(51, 'milk'),
(52, 'vanilla extract'),
(53, 'baking powder'),
(54, 'eggs'),
(55, 'cinnamon'),
(56, 'butter'),
(57, 'milk'),
(58, 'chocolate chips'),
(59, 'eggs'),
(60, 'sugar'),
(61, 'eggs'),
(62, 'sugar'),
(63, 'eggs'),
(64, 'butter'),
(65, 'eggs'),
(66, 'sugar'),
(67, 'milk'),
(68, 'sugar'),
(69, 'sugar'),
(70, 'eggs'),
(71, 'chocolate chips'),
(72, 'chocolate chips'),
(73, 'vanilla extract'),
(74, 'cinnamon'),
(75, 'flour'),
(76, 'chocolate chips'),
(77, 'eggs'),
(78, 'sugar'),
(79, 'vanilla extract'),
(80, 'baking powder'),
(81, 'eggs'),
(82, 'vanilla extract'),
(83, 'sugar'),
(84, 'sugar'),
(85, 'cinnamon'),
(86, 'chocolate chips'),
(87, 'chocolate chips'),
(88, 'milk'),
(89, 'chocolate chips'),
(90, 'milk'),
(91, 'eggs'),
(92, 'flour'),
(93, 'sugar'),
(94, 'salt'),
(95, 'vanilla extract'),
(96, 'butter'),
(97, 'chocolate chips'),
(98, 'flour'),
(99, 'milk'),
(100, 'butter'),
(101, 'baking powder'),
(102, 'milk'),
(103, 'salt'),
(104, 'chocolate chips'),
(105, 'eggs'),
(106, 'vanilla extract'),
(107, 'butter'),
(108, 'chocolate chips'),
(109, 'eggs'),
(110, 'flour'),
(111, 'salt'),
(112, 'vanilla extract'),
(113, 'sugar'),
(114, 'vanilla extract'),
(115, 'sugar'),
(116, 'salt'),
(117, 'milk'),
(118, 'vanilla extract'),
(119, 'eggs'),
(120, 'vanilla extract'),
(121, 'flour'),
(122, 'eggs'),
(123, 'cinnamon'),
(124, 'sugar'),
(125, 'vanilla extract'),
(126, 'chocolate chips'),
(127, 'flour'),
(128, 'chocolate chips'),
(129, 'salt'),
(130, 'flour'),
(131, 'flour'),
(132, 'vanilla extract'),
(133, 'cinnamon'),
(134, 'baking powder'),
(135, 'eggs'),
(136, 'vanilla extract'),
(137, 'baking powder'),
(138, 'salt'),
(139, 'eggs'),
(140, 'cinnamon'),
(141, 'sugar'),
(142, 'cinnamon'),
(143, 'flour'),
(144, 'eggs'),
(145, 'milk'),
(146, 'baking powder'),
(147, 'cinnamon'),
(148, 'sugar'),
(149, 'flour'),
(150, 'salt'),
(151, 'milk'),
(152, 'butter'),
(153, 'salt'),
(154, 'flour'),
(155, 'flour'),
(156, 'sugar'),
(157, 'chocolate chips'),
(158, 'chocolate chips'),
(159, 'eggs'),
(160, 'salt'),
(161, 'sugar'),
(162, 'cinnamon'),
(163, 'vanilla extract'),
(164, 'vanilla extract'),
(165, 'cinnamon'),
(166, 'butter'),
(167, 'cinnamon'),
(168, 'sugar'),
(169, 'vanilla extract'),
(170, 'cinnamon'),
(171, 'milk'),
(172, 'vanilla extract'),
(173, 'butter'),
(174, 'butter'),
(175, 'flour'),
(176, 'chocolate chips'),
(177, 'eggs'),
(178, 'baking powder'),
(179, 'chocolate chips'),
(180, 'flour'),
(181, 'sugar'),
(182, 'salt'),
(183, 'salt'),
(184, 'baking powder'),
(185, 'salt'),
(186, 'baking powder'),
(187, 'eggs'),
(188, 'chocolate chips'),
(189, 'salt'),
(190, 'chocolate chips'),
(191, 'sugar'),
(192, 'eggs'),
(193, 'sugar'),
(194, 'sugar'),
(195, 'butter'),
(196, 'vanilla extract'),
(197, 'milk'),
(198, 'baking powder'),
(199, 'baking powder'),
(200, 'chocolate chips');

--
-- Indeksy dla zrzutów tabel
--

--
-- Indeksy dla tabeli `dania`
--
ALTER TABLE `dania`
  ADD PRIMARY KEY (`id`);

--
-- Indeksy dla tabeli `dania_skladniki`
--
ALTER TABLE `dania_skladniki`
  ADD PRIMARY KEY (`id_skladniki`,`id_dania`),
  ADD KEY `id_dania` (`id_dania`);

--
-- Indeksy dla tabeli `restauracje`
--
ALTER TABLE `restauracje`
  ADD PRIMARY KEY (`id`);

--
-- Indeksy dla tabeli `restauracje_dania`
--
ALTER TABLE `restauracje_dania`
  ADD PRIMARY KEY (`id_restauracja`,`id_dania`),
  ADD KEY `id_dania` (`id_dania`);

--
-- Indeksy dla tabeli `skladniki`
--
ALTER TABLE `skladniki`
  ADD PRIMARY KEY (`id`);

--
-- AUTO_INCREMENT for dumped tables
--

--
-- AUTO_INCREMENT for table `dania`
--
ALTER TABLE `dania`
  MODIFY `id` int(11) NOT NULL AUTO_INCREMENT, AUTO_INCREMENT=201;

--
-- AUTO_INCREMENT for table `restauracje`
--
ALTER TABLE `restauracje`
  MODIFY `id` int(11) NOT NULL AUTO_INCREMENT, AUTO_INCREMENT=201;

--
-- AUTO_INCREMENT for table `skladniki`
--
ALTER TABLE `skladniki`
  MODIFY `id` int(11) NOT NULL AUTO_INCREMENT, AUTO_INCREMENT=201;

--
-- Constraints for dumped tables
--

--
-- Constraints for table `dania_skladniki`
--
ALTER TABLE `dania_skladniki`
  ADD CONSTRAINT `dania_skladniki_ibfk_1` FOREIGN KEY (`id_skladniki`) REFERENCES `skladniki` (`id`),
  ADD CONSTRAINT `dania_skladniki_ibfk_2` FOREIGN KEY (`id_dania`) REFERENCES `dania` (`id`);

--
-- Constraints for table `restauracje_dania`
--
ALTER TABLE `restauracje_dania`
  ADD CONSTRAINT `restauracje_dania_ibfk_1` FOREIGN KEY (`id_restauracja`) REFERENCES `restauracje` (`id`),
  ADD CONSTRAINT `restauracje_dania_ibfk_2` FOREIGN KEY (`id_dania`) REFERENCES `dania` (`id`);
COMMIT;

/*!40101 SET CHARACTER_SET_CLIENT=@OLD_CHARACTER_SET_CLIENT */;
/*!40101 SET CHARACTER_SET_RESULTS=@OLD_CHARACTER_SET_RESULTS */;
/*!40101 SET COLLATION_CONNECTION=@OLD_COLLATION_CONNECTION */;
